,minimum,maximum
DM_4CRSOL,0.0,2.81514660312577e-06
DM_5DRIB,0.0,0.025739339072881093
DM_AACALD,0.0,0.0
DM_AMOB,0.0,2.481749064469085e-08
DM_MTHTHF,-6.8027385733593716e-18,0.06085743333857205
DM_OXAM,0.0,0.21194552145944476
Ec_biomass_iJO1366_WT_53p95M,0.0,0.01262397579882435
Ec_biomass_iJO1366_core_53p95M,0.0,0.01256131504054042
EX_12ppd_DASH_R_LPAREN_e_RPAREN_,0.0,0.1791453960343446
EX_12ppd_DASH_S_LPAREN_e_RPAREN_,0.0,0.17651090491668245
EX_14glucan_LPAREN_e_RPAREN_,0.0,0.0
EX_15dap_LPAREN_e_RPAREN_,0.0,0.09573668950599683
EX_23camp_LPAREN_e_RPAREN_,0.0,9.883760476725366e-14
EX_23ccmp_LPAREN_e_RPAREN_,0.0,0.0
EX_23cgmp_LPAREN_e_RPAREN_,0.0,0.0
EX_23cump_LPAREN_e_RPAREN_,0.0,0.0
EX_23dappa_LPAREN_e_RPAREN_,0.0,0.0
EX_26dap_DASH_M_LPAREN_e_RPAREN_,0.0,0.0
EX_2ddglcn_LPAREN_e_RPAREN_,0.0,0.0
EX_34dhpac_LPAREN_e_RPAREN_,0.0,0.0
EX_3amp_LPAREN_e_RPAREN_,0.0,1.1368683772161593e-13
EX_3cmp_LPAREN_e_RPAREN_,0.0,0.0
EX_3gmp_LPAREN_e_RPAREN_,0.0,0.0
EX_3hcinnm_LPAREN_e_RPAREN_,0.0,0.0
EX_3hpp_LPAREN_e_RPAREN_,0.0,0.16056955003334422
EX_3hpppn_LPAREN_e_RPAREN_,0.0,0.0
EX_3ump_LPAREN_e_RPAREN_,0.0,0.0
EX_4abut_LPAREN_e_RPAREN_,0.0,0.1442108077527564
EX_4hoxpacd_LPAREN_e_RPAREN_,0.0,0.0
EX_5dglcn_LPAREN_e_RPAREN_,0.0,0.12803727631433243
EX_5mtr_LPAREN_e_RPAREN_,0.0,0.03597018628290941
EX_LalaDglu_LPAREN_e_RPAREN_,0.0,0.0
EX_LalaDgluMdap_LPAREN_e_RPAREN_,0.0,0.04111402485902435
EX_LalaDgluMdapDala_LPAREN_e_RPAREN_,0.0,0.03498298606421257
EX_LalaLglu_LPAREN_e_RPAREN_,0.0,0.0
EX_ac_LPAREN_e_RPAREN_,-1.35e-15,3.12e-11
EX_acac_LPAREN_e_RPAREN_,0.0,0.0
EX_acald_LPAREN_e_RPAREN_,0.0,0.2746747250884937
EX_acgal_LPAREN_e_RPAREN_,0.0,0.0
EX_acgal1p_LPAREN_e_RPAREN_,0.0,0.0
EX_acgam_LPAREN_e_RPAREN_,0.0,2.0194839173657902e-28
EX_acgam1p_LPAREN_e_RPAREN_,0.0,0.0
EX_acmana_LPAREN_e_RPAREN_,0.0,0.0
EX_acmum_LPAREN_e_RPAREN_,0.0,0.0
EX_acnam_LPAREN_e_RPAREN_,0.0,0.0
EX_acolipa_LPAREN_e_RPAREN_,0.0,0.0031819064989284775
EX_acser_LPAREN_e_RPAREN_,0.0,0.14493885417934907
EX_ade_LPAREN_e_RPAREN_,0.0,0.13929511881019607
EX_adn_LPAREN_e_RPAREN_,0.0,0.06085743333824212
EX_adocbl_LPAREN_e_RPAREN_,0.0,0.0
EX_ag_LPAREN_e_RPAREN_,0.0,0.0
EX_agm_LPAREN_e_RPAREN_,0.0,0.09570277443086234
EX_akg_LPAREN_e_RPAREN_,0.0,0.15572802924063403
EX_ala_DASH_B_LPAREN_e_RPAREN_,0.0,0.0
EX_ala_DASH_D_LPAREN_e_RPAREN_,0.0,0.12032291450364715
EX_ala_DASH_L_LPAREN_e_RPAREN_,0.0,0.2310885608786748
EX_alaala_LPAREN_e_RPAREN_,0.0,0.06016145725212199
EX_all_DASH_D_LPAREN_e_RPAREN_,0.0,0.0
EX_alltn_LPAREN_e_RPAREN_,0.0,0.18730069338242894
EX_amp_LPAREN_e_RPAREN_,0.0,-5.684341886080814e-14
EX_anhgm_LPAREN_e_RPAREN_,0.0,0.03283618271522844
EX_arab_DASH_L_LPAREN_e_RPAREN_,0.0,0.0
EX_arbt_LPAREN_e_RPAREN_,0.0,0.0
EX_arbtn_LPAREN_e_RPAREN_,0.0,0.0
EX_arbtn_DASH_fe3_LPAREN_e_RPAREN_,0.0,0.0
EX_arg_DASH_L_LPAREN_e_RPAREN_,0.0,0.09570277443120048
EX_ascb_DASH_L_LPAREN_e_RPAREN_,0.0,0.0
EX_asn_DASH_L_LPAREN_e_RPAREN_,0.0,0.21524001156979036
EX_aso3_LPAREN_e_RPAREN_,0.0,0.0
EX_asp_DASH_L_LPAREN_e_RPAREN_,0.0,0.21972354968602303
EX_btn_LPAREN_e_RPAREN_,0.0,5.5810015778214055e-24
EX_but_LPAREN_e_RPAREN_,0.0,0.0
EX_butso3_LPAREN_e_RPAREN_,0.0,0.0
EX_ca2_LPAREN_e_RPAREN_,-6.53816447850906e-05,0.0
EX_cbi_LPAREN_e_RPAREN_,0.0,0.0
EX_cbl1_LPAREN_e_RPAREN_,-2.8151466832269925e-06,0.0
EX_cd2_LPAREN_e_RPAREN_,0.0,0.0
EX_cgly_LPAREN_e_RPAREN_,0.0,0.0894338368538142
EX_chol_LPAREN_e_RPAREN_,0.0,0.0
EX_chtbs_LPAREN_e_RPAREN_,0.0,0.0
EX_cit_LPAREN_e_RPAREN_,0.0,0.13862015899812113
EX_cl_LPAREN_e_RPAREN_,-6.538164478509049e-05,0.0
EX_cm_LPAREN_e_RPAREN_,0.0,0.0
EX_cmp_LPAREN_e_RPAREN_,0.0,1.3463226115771903e-28
EX_co2_LPAREN_e_RPAREN_,-0.5937351114018738,0.6495144168245759
EX_cobalt2_LPAREN_e_RPAREN_,-3.1324723846968397e-07,0.0
EX_colipa_LPAREN_e_RPAREN_,0.0,0.0032683077983542185
EX_colipap_LPAREN_e_RPAREN_,0.0,0.0023862477891235024
EX_cpgn_LPAREN_e_RPAREN_,0.0,0.0
EX_cpgn_DASH_un_LPAREN_e_RPAREN_,0.0,0.0
EX_crn_LPAREN_e_RPAREN_,0.0,0.0
EX_crn_DASH_D_LPAREN_e_RPAREN_,0.0,0.0
EX_csn_LPAREN_e_RPAREN_,0.0,0.0
EX_cu_LPAREN_e_RPAREN_,0.0,0.0
EX_cu2_LPAREN_e_RPAREN_,-8.905972363617627e-06,0.0
EX_cyan_LPAREN_e_RPAREN_,0.0,0.0
EX_cynt_LPAREN_e_RPAREN_,0.0,0.0
EX_cys_DASH_D_LPAREN_e_RPAREN_,0.0,8.628166150854817e-32
EX_cys_DASH_L_LPAREN_e_RPAREN_,0.0,0.09570277443120048
EX_cytd_LPAREN_e_RPAREN_,0.0,0.06085743333847827
EX_dad_DASH_2_LPAREN_e_RPAREN_,0.0,0.0
EX_damp_LPAREN_e_RPAREN_,0.0,0.0
EX_dca_LPAREN_e_RPAREN_,0.0,0.0
EX_dcmp_LPAREN_e_RPAREN_,0.0,0.0
EX_dcyt_LPAREN_e_RPAREN_,0.0,0.0
EX_ddca_LPAREN_e_RPAREN_,0.0,0.0
EX_dgmp_LPAREN_e_RPAREN_,0.0,0.0
EX_dgsn_LPAREN_e_RPAREN_,0.0,0.0
EX_dha_LPAREN_e_RPAREN_,0.0,0.23000000000028484
EX_dimp_LPAREN_e_RPAREN_,0.0,0.0
EX_din_LPAREN_e_RPAREN_,0.0,8.278874319241006e-25
EX_dms_LPAREN_e_RPAREN_,0.0,0.0
EX_dmso_LPAREN_e_RPAREN_,0.0,0.0
EX_dopa_LPAREN_e_RPAREN_,0.0,0.0
EX_doxrbcn_LPAREN_e_RPAREN_,0.0,0.0
EX_dtmp_LPAREN_e_RPAREN_,0.0,0.0
EX_dump_LPAREN_e_RPAREN_,0.0,0.0
EX_duri_LPAREN_e_RPAREN_,0.0,0.0
EX_eca4colipa_LPAREN_e_RPAREN_,0.0,0.0022090690544639847
EX_enlipa_LPAREN_e_RPAREN_,0.0,0.004764182019965646
EX_enter_LPAREN_e_RPAREN_,0.0,0.02179371812461774
EX_etha_LPAREN_e_RPAREN_,0.0,0.1762334585951318
EX_ethso3_LPAREN_e_RPAREN_,0.0,0.0
EX_etoh_LPAREN_e_RPAREN_,0.0,0.23966690173388894
EX_f6p_LPAREN_e_RPAREN_,0.0,0.0
EX_fald_LPAREN_e_RPAREN_,0.0,0.0
EX_fe2_LPAREN_e_RPAREN_,-1000.0,1.2600531908836956
EX_fe3_LPAREN_e_RPAREN_,-1.2600531886656992,1000.0
EX_fe3dcit_LPAREN_e_RPAREN_,0.0,0.0
EX_fe3dhbzs_LPAREN_e_RPAREN_,0.0,0.0
EX_fe3hox_LPAREN_e_RPAREN_,0.0,0.0
EX_fe3hox_DASH_un_LPAREN_e_RPAREN_,0.0,0.0
EX_fecrm_LPAREN_e_RPAREN_,0.0,0.0
EX_fecrm_DASH_un_LPAREN_e_RPAREN_,0.0,0.0
EX_feenter_LPAREN_e_RPAREN_,0.0,0.021793718124576877
EX_feoxam_LPAREN_e_RPAREN_,0.0,0.0
EX_feoxam_DASH_un_LPAREN_e_RPAREN_,0.0,0.0
EX_for_LPAREN_e_RPAREN_,0.0,1.2309364430095753
EX_fru_LPAREN_e_RPAREN_,0.0,0.0
EX_frulys_LPAREN_e_RPAREN_,0.0,0.0
EX_fruur_LPAREN_e_RPAREN_,0.0,0.0
EX_fuc_DASH_L_LPAREN_e_RPAREN_,0.0,0.0
EX_fum_LPAREN_e_RPAREN_,0.0,0.0
EX_fusa_LPAREN_e_RPAREN_,0.0,0.0
EX_g1p_LPAREN_e_RPAREN_,0.0,0.0
EX_g3pc_LPAREN_e_RPAREN_,0.0,-3.3658065289429846e-29
EX_g3pe_LPAREN_e_RPAREN_,0.0,0.01940000000017454
EX_g3pg_LPAREN_e_RPAREN_,0.0,0.019400000000187028
EX_g3pi_LPAREN_e_RPAREN_,0.0,-1.5407439555097914e-33
EX_g3ps_LPAREN_e_RPAREN_,0.0,0.0
EX_g6p_LPAREN_e_RPAREN_,0.0,0.0
EX_gal_LPAREN_e_RPAREN_,0.0,0.0
EX_gal_DASH_bD_LPAREN_e_RPAREN_,0.0,0.0
EX_gal1p_LPAREN_e_RPAREN_,0.0,0.0
EX_galct_DASH_D_LPAREN_e_RPAREN_,0.0,0.0
EX_galctn_DASH_D_LPAREN_e_RPAREN_,0.0,0.0
EX_galctn_DASH_L_LPAREN_e_RPAREN_,0.0,0.0
EX_galt_LPAREN_e_RPAREN_,0.0,0.0
EX_galur_LPAREN_e_RPAREN_,0.0,0.0
EX_gam_LPAREN_e_RPAREN_,0.0,0.0
EX_gam6p_LPAREN_e_RPAREN_,0.0,0.0
EX_gbbtn_LPAREN_e_RPAREN_,0.0,0.0
EX_gdp_LPAREN_e_RPAREN_,0.0,0.0
EX_glc_LPAREN_e_RPAREN_,-0.23,-0.23
EX_glcn_LPAREN_e_RPAREN_,0.0,0.11987988298375232
EX_glcr_LPAREN_e_RPAREN_,0.0,0.0
EX_glcur_LPAREN_e_RPAREN_,0.0,0.0
EX_glcur1p_LPAREN_e_RPAREN_,0.0,0.0
EX_gln_DASH_L_LPAREN_e_RPAREN_,0.0,0.0
EX_glu_DASH_L_LPAREN_e_RPAREN_,0.0,0.14278297797216055
EX_gly_LPAREN_e_RPAREN_,0.0,0.36919405782771264
EX_glyald_LPAREN_e_RPAREN_,0.0,0.21277846399536082
EX_glyb_LPAREN_e_RPAREN_,0.0,0.0
EX_glyc_LPAREN_e_RPAREN_,0.0,0.1946144487762446
EX_glyc_DASH_R_LPAREN_e_RPAREN_,0.0,0.15200437174923037
EX_glyc2p_LPAREN_e_RPAREN_,0.0,0.0
EX_glyc3p_LPAREN_e_RPAREN_,0.0,0.019399999999999983
EX_glyclt_LPAREN_e_RPAREN_,0.0,0.29752075202054584
EX_gmp_LPAREN_e_RPAREN_,0.0,0.0
EX_gsn_LPAREN_e_RPAREN_,0.0,0.0
EX_gthox_LPAREN_e_RPAREN_,0.0,0.0
EX_gthrd_LPAREN_e_RPAREN_,0.0,0.057724992891292515
EX_gtp_LPAREN_e_RPAREN_,0.0,0.0
EX_gua_LPAREN_e_RPAREN_,0.0,0.14575609332640366
EX_h_LPAREN_e_RPAREN_,-1000.0,1.519215138836671
EX_h2_LPAREN_e_RPAREN_,0.0,0.0
EX_h2o_LPAREN_e_RPAREN_,-0.4353249095432381,501.52439200008354
EX_h2o2_LPAREN_e_RPAREN_,0.0,0.0
EX_h2s_LPAREN_e_RPAREN_,0.0,0.2768830094622911
EX_hacolipa_LPAREN_e_RPAREN_,0.0,0.0
EX_halipa_LPAREN_e_RPAREN_,0.0,0.0
EX_hdca_LPAREN_e_RPAREN_,0.0,0.0
EX_hdcea_LPAREN_e_RPAREN_,0.0,0.0
EX_hg2_LPAREN_e_RPAREN_,0.0,0.0
EX_his_DASH_L_LPAREN_e_RPAREN_,0.0,0.060857433338483674
EX_hom_DASH_L_LPAREN_e_RPAREN_,0.0,0.16515676602622095
EX_hxa_LPAREN_e_RPAREN_,0.0,0.08743664882295689
EX_hxan_LPAREN_e_RPAREN_,0.0,0.149226469427368
EX_idon_DASH_L_LPAREN_e_RPAREN_,0.0,0.12042716252462306
EX_ile_DASH_L_LPAREN_e_RPAREN_,0.0,0.09117779952916526
EX_imp_LPAREN_e_RPAREN_,0.0,0.0
EX_indole_LPAREN_e_RPAREN_,0.0,0.03574349379993985
EX_inost_LPAREN_e_RPAREN_,0.0,0.0
EX_ins_LPAREN_e_RPAREN_,0.0,0.06085743333812843
EX_isetac_LPAREN_e_RPAREN_,0.0,0.0
EX_k_LPAREN_e_RPAREN_,-0.0024518807666736525,0.0
EX_kdo2lipid4_LPAREN_e_RPAREN_,0.0,0.0065016293089787585
EX_lac_DASH_D_LPAREN_e_RPAREN_,0.0,0.2393417237649021
EX_lac_DASH_L_LPAREN_e_RPAREN_,0.0,0.2127784639960033
EX_lcts_LPAREN_e_RPAREN_,0.0,0.0
EX_leu_DASH_L_LPAREN_e_RPAREN_,0.0,0.08905738558687788
EX_lipa_LPAREN_e_RPAREN_,0.0,0.004858211928199671
EX_lipa_cold_LPAREN_e_RPAREN_,0.0,0.004681520203128401
EX_lipoate_LPAREN_e_RPAREN_,0.0,-5.293955920339377e-23
EX_lys_DASH_L_LPAREN_e_RPAREN_,0.0,0.09573668950544516
EX_lyx_DASH_L_LPAREN_e_RPAREN_,0.0,0.0
EX_mal_DASH_D_LPAREN_e_RPAREN_,0.0,0.0
EX_mal_DASH_L_LPAREN_e_RPAREN_,0.0,0.21972354968544205
EX_malt_LPAREN_e_RPAREN_,0.0,0.0
EX_malthx_LPAREN_e_RPAREN_,0.0,0.0
EX_maltpt_LPAREN_e_RPAREN_,0.0,0.0
EX_malttr_LPAREN_e_RPAREN_,0.0,0.0
EX_maltttr_LPAREN_e_RPAREN_,0.0,0.0
EX_man_LPAREN_e_RPAREN_,0.0,0.0
EX_man6p_LPAREN_e_RPAREN_,0.0,0.0
EX_manglyc_LPAREN_e_RPAREN_,0.0,0.0
EX_melib_LPAREN_e_RPAREN_,0.0,0.0
EX_meoh_LPAREN_e_RPAREN_,0.0,2.3170219203913068e-11
EX_met_DASH_D_LPAREN_e_RPAREN_,0.0,0.0
EX_met_DASH_L_LPAREN_e_RPAREN_,0.0,0.0
EX_metsox_DASH_R_DASH_L_LPAREN_e_RPAREN_,0.0,0.0
EX_metsox_DASH_S_DASH_L_LPAREN_e_RPAREN_,0.0,0.0
EX_mg2_LPAREN_e_RPAREN_,-0.00010896940797515222,0.0
EX_mincyc_LPAREN_e_RPAREN_,0.0,0.0
EX_minohp_LPAREN_e_RPAREN_,0.0,0.0
EX_mmet_LPAREN_e_RPAREN_,0.0,0.0
EX_mn2_LPAREN_e_RPAREN_,-8.679868692891086e-06,0.0
EX_mnl_LPAREN_e_RPAREN_,0.0,0.0
EX_mobd_LPAREN_e_RPAREN_,-1.7294847336417165e-06,-1.8170702774550296e-22
EX_mso3_LPAREN_e_RPAREN_,0.0,0.0
EX_n2o_LPAREN_e_RPAREN_,0.0,0.0
EX_na1_LPAREN_e_RPAREN_,2.480792205228957e-21,1.1996301101507948e-15
EX_nac_LPAREN_e_RPAREN_,0.0,0.0
EX_nh4_LPAREN_e_RPAREN_,-0.756381800399703,-9.753805293825912e-13
EX_ni2_LPAREN_e_RPAREN_,-4.057311187480183e-06,0.0
EX_nmn_LPAREN_e_RPAREN_,0.0,4.964522580720741e-29
EX_no_LPAREN_e_RPAREN_,0.0,0.0
EX_no2_LPAREN_e_RPAREN_,0.0,0.0
EX_no3_LPAREN_e_RPAREN_,0.0,0.0
EX_novbcn_LPAREN_e_RPAREN_,0.0,0.0
EX_o16a4colipa_LPAREN_e_RPAREN_,0.0,0.0
EX_o2_LPAREN_e_RPAREN_,-250.72256297513223,8.8707231828208e-08
EX_o2s_LPAREN_e_RPAREN_,0.0,0.0
EX_ocdca_LPAREN_e_RPAREN_,0.0,0.0
EX_ocdcea_LPAREN_e_RPAREN_,0.0,4.4008555845970176e-21
EX_octa_LPAREN_e_RPAREN_,0.0,0.0
EX_orn_LPAREN_e_RPAREN_,0.0,0.09570277443104093
EX_orot_LPAREN_e_RPAREN_,0.0,0.0
EX_pacald_LPAREN_e_RPAREN_,0.0,0.0
EX_peamn_LPAREN_e_RPAREN_,0.0,0.0
EX_phe_DASH_L_LPAREN_e_RPAREN_,0.0,0.06385879906373133
EX_pheme_LPAREN_e_RPAREN_,0.0,0.01627067656294791
EX_pi_LPAREN_e_RPAREN_,-0.0194,5.206160904674122e-13
EX_pnto_DASH_R_LPAREN_e_RPAREN_,0.0,0.0
EX_ppa_LPAREN_e_RPAREN_,0.0,0.0
EX_ppal_LPAREN_e_RPAREN_,0.0,0.0
EX_pppn_LPAREN_e_RPAREN_,0.0,0.0
EX_ppt_LPAREN_e_RPAREN_,0.0,0.0
EX_pro_DASH_L_LPAREN_e_RPAREN_,0.0,0.11979206072123816
EX_progly_LPAREN_e_RPAREN_,0.0,0.0
EX_psclys_LPAREN_e_RPAREN_,0.0,0.0
EX_pser_DASH_L_LPAREN_e_RPAREN_,0.0,0.0
EX_ptrc_LPAREN_e_RPAREN_,0.0,0.09570277443133242
EX_pydam_LPAREN_e_RPAREN_,0.0,0.0
EX_pydx_LPAREN_e_RPAREN_,0.0,0.0
EX_pydxn_LPAREN_e_RPAREN_,0.0,0.0
EX_pyr_LPAREN_e_RPAREN_,0.0,0.2716480679318821
EX_quin_LPAREN_e_RPAREN_,0.0,0.0714869876004018
EX_r5p_LPAREN_e_RPAREN_,0.0,0.0
EX_rfamp_LPAREN_e_RPAREN_,0.0,0.0
EX_rib_DASH_D_LPAREN_e_RPAREN_,0.0,0.0
EX_rmn_LPAREN_e_RPAREN_,0.0,0.0
EX_sbt_DASH_D_LPAREN_e_RPAREN_,0.0,0.0
EX_sel_LPAREN_e_RPAREN_,0.0,0.0
EX_ser_DASH_D_LPAREN_e_RPAREN_,0.0,0.0
EX_ser_DASH_L_LPAREN_e_RPAREN_,0.0,0.2573246167967227
EX_skm_LPAREN_e_RPAREN_,0.0,0.0
EX_slnt_LPAREN_e_RPAREN_,0.0,0.0
EX_so2_LPAREN_e_RPAREN_,0.0,0.0
EX_so3_LPAREN_e_RPAREN_,0.0,0.0
EX_so4_LPAREN_e_RPAREN_,-0.2768830094585346,0.0
EX_spmd_LPAREN_e_RPAREN_,0.0,0.03597018628278841
EX_succ_LPAREN_e_RPAREN_,0.0,0.20004681389260734
EX_sucr_LPAREN_e_RPAREN_,0.0,0.0
EX_sulfac_LPAREN_e_RPAREN_,0.0,0.0
EX_tartr_DASH_D_LPAREN_e_RPAREN_,0.0,0.0
EX_tartr_DASH_L_LPAREN_e_RPAREN_,0.0,0.0
EX_taur_LPAREN_e_RPAREN_,0.0,1.2758037349584649e-13
EX_tcynt_LPAREN_e_RPAREN_,0.0,0.0
EX_thm_LPAREN_e_RPAREN_,0.0,0.0
EX_thr_DASH_L_LPAREN_e_RPAREN_,0.0,0.16676297652304584
EX_thrp_LPAREN_e_RPAREN_,0.0,0.0
EX_thym_LPAREN_e_RPAREN_,0.0,0.14453007163127624
EX_thymd_LPAREN_e_RPAREN_,0.0,0.06085743333852686
EX_tma_LPAREN_e_RPAREN_,0.0,0.0
EX_tmao_LPAREN_e_RPAREN_,0.0,0.0
EX_tre_LPAREN_e_RPAREN_,0.0,-5.048709793414476e-29
EX_trp_DASH_L_LPAREN_e_RPAREN_,0.0,0.03574349379985381
EX_tsul_LPAREN_e_RPAREN_,0.0,0.0
EX_ttdca_LPAREN_e_RPAREN_,0.0,0.0
EX_ttdcea_LPAREN_e_RPAREN_,0.0,-1.0097419586828952e-29
EX_ttrcyc_LPAREN_e_RPAREN_,0.0,0.0
EX_tungs_LPAREN_e_RPAREN_,0.0,0.0
EX_tym_LPAREN_e_RPAREN_,0.0,0.0
EX_tyr_DASH_L_LPAREN_e_RPAREN_,0.0,0.06554563526453146
EX_tyrp_LPAREN_e_RPAREN_,0.0,0.0
EX_uacgam_LPAREN_e_RPAREN_,0.0,0.0
EX_udpacgal_LPAREN_e_RPAREN_,0.0,0.0
EX_udpg_LPAREN_e_RPAREN_,0.0,0.0
EX_udpgal_LPAREN_e_RPAREN_,0.0,0.0
EX_udpglcur_LPAREN_e_RPAREN_,0.0,0.0
EX_ump_LPAREN_e_RPAREN_,0.0,0.0
EX_ura_LPAREN_e_RPAREN_,0.0,0.2168364964106786
EX_urea_LPAREN_e_RPAREN_,0.0,0.09570277443090369
EX_uri_LPAREN_e_RPAREN_,0.0,0.060857433338355804
EX_val_DASH_L_LPAREN_e_RPAREN_,0.0,0.11554428043950793
EX_xan_LPAREN_e_RPAREN_,0.0,0.16279251210460305
EX_xmp_LPAREN_e_RPAREN_,0.0,0.0
EX_xtsn_LPAREN_e_RPAREN_,0.0,0.06085743333797676
EX_xyl_DASH_D_LPAREN_e_RPAREN_,0.0,0.0
EX_xylu_DASH_L_LPAREN_e_RPAREN_,0.0,0.0
EX_zn2_LPAREN_e_RPAREN_,-4.283408428763938e-06,0.0
12DGR120tipp,0.0,0.9127520145690559
12DGR140tipp,0.0,0.9127520145681465
12DGR141tipp,0.0,0.9127520145698331
12DGR160tipp,0.0,0.9127520145698331
12DGR161tipp,0.0,0.9127520145698331
12DGR180tipp,0.0,0.9127520145683656
12DGR181tipp,0.0,0.9127520145683656
12PPDRtex,-0.17914539603139937,0.0
12PPDRtpp,-0.17914539603139937,0.0
12PPDStex,-0.1765109049132902,0.0
12PPDStpp,-0.1765109049132902,0.0
14GLUCANabcpp,0.0,0.0
14GLUCANtexi,0.0,0.0
23CAMPtex,7.346267179870682e-30,0.0
23CCMPtex,0.0,0.0
23CGMPtex,0.0,0.0
23CUMPtex,0.0,0.0
23DAPPAt2pp,0.0,0.0
23DAPPAtex,0.0,0.0
23PDE2pp,0.0,0.0
23PDE4pp,0.0,0.0
23PDE7pp,0.0,0.0
23PDE9pp,0.0,0.0
26DAHtex,0.0,0.0
2AGPA120tipp,0.0,0.641770589483599
2AGPA140tipp,0.0,0.6417705894809304
2AGPA141tipp,0.0,0.6417705894829082
2AGPA160tipp,0.0,0.641770589483822
2AGPA161tipp,0.0,0.6417705894839656
2AGPA180tipp,0.0,0.6417705894839022
2AGPA181tipp,0.0,0.6417705894807585
2AGPE120tipp,0.0,0.90917500176446
2AGPE140tipp,0.0,0.9091750017655864
2AGPE141tipp,0.0,0.9091750017655876
2AGPE160tipp,0.0,0.9091750017655862
2AGPE161tipp,0.0,0.9091750017655867
2AGPE180tipp,0.0,0.9091750017655857
2AGPE181tipp,0.0,0.9091750017655859
2AGPEAT120,0.0,0.9091750017706834
2AGPEAT140,0.0,0.9091750017710183
2AGPEAT141,0.0,0.9091750017710111
2AGPEAT160,0.0,0.9091750017710118
2AGPEAT161,0.0,0.9091750017710181
2AGPEAT180,0.0,0.9091750017710086
2AGPEAT181,0.0,0.9091750017710104
2AGPG120tipp,1.0796136675828408e-47,0.9091750017710181
2AGPG140tipp,0.0,0.9091750017710162
2AGPG141tipp,0.0,0.9091750017667233
2AGPG160tipp,0.0,0.9091750017667247
2AGPG161tipp,0.0,0.9091750017666835
2AGPG180tipp,0.0,0.9091750017666645
2AGPG181tipp,0.0,0.9091750017667198
2AGPGAT120,0.0,0.909175001766708
2AGPGAT140,0.0,0.9091750017668349
2AGPGAT141,0.0,0.9091750017668361
2AGPGAT160,0.0,0.9091750017667893
2AGPGAT161,0.0,0.9091750017689266
2AGPGAT180,0.0,0.9091750017689658
2AGPGAT181,0.0,0.9091750017688691
2DGULRGx,0.0,0.0
2DGULRGy,0.0,0.0
2DGULRx,0.0,0.0
2DGULRy,0.0,0.0
2MAHMP,0.0,2.7275250053237525
34dhpactex,0.0,0.0
3AMACHYD,0.0,0.16056955003294798
3AMPtex,0.0,0.0
3CMPtex,0.0,0.0
3GMPtex,0.0,0.0
3HAD100,-3.311232809144465e-25,0.24799418678959867
3HAD120,0.0,0.4004313855429824
3HAD121,0.0,0.22480048586652687
3HAD140,0.0,0.40043138554214885
3HAD141,0.0,0.22480048586652335
3HAD160,-1.0200995100086867e-25,0.4004313855427926
3HAD161,0.0,0.4004313855427515
3HAD180,0.0,0.40043138554276386
3HAD181,0.0,0.4004313855502889
3HAD40,8.272031258079803e-25,0.12018179821273067
3HAD60,0.0,0.12018179821273067
3HAD80,8.27203125807981e-25,0.12018179821241783
3HCINNMH,0.0,0.0
3HPPPNH,0.0,0.0
3HPPtex,-0.16056955003057244,0.0
3HPPtpp,1.324348301316581e-16,0.16056955003266257
3KGK,0.0,0.0
3NTD2pp,0.0,0.0
3NTD4pp,0.0,0.0
3NTD7pp,0.0,0.0
3NTD9pp,0.0,0.0
3OAR100,1.697899838971787e-29,0.24799418678997162
3OAR120,0.0,0.4004313855428425
3OAR121,0.0,0.22480048586656995
3OAR140,2.3630390045653632e-29,0.4004313855428029
3OAR141,0.0,0.22480048586656837
3OAR160,0.0,0.4004313855432735
3OAR161,0.0,0.4004313855428539
3OAR180,0.0,0.4004313855428525
3OAR181,0.0,0.4004313855428526
3OAR40,3.273772756667199e-29,0.12018179821336106
3OAR60,3.273772756667199e-29,0.12018179821336106
3OAR80,3.2765460957871166e-29,0.12018179821336106
3OAS100,-2.2710638729176643e-29,0.2479941867894606
3OAS120,6.162975822039155e-33,0.4004313855427358
3OAS121,-1.7372355824216483e-29,0.22480048586653267
3OAS140,0.0,0.4004313855427349
3OAS141,-1.7365505016271448e-29,0.2248004858665617
3OAS160,0.0,0.40043138554279606
3OAS161,-3.690081773445944e-31,0.4004313855427954
3OAS180,0.0,0.4004313855427941
3OAS181,0.0,0.40043138554279195
3OAS60,-1.819469451488765e-20,0.12018179821289356
3OAS80,-8.802303697949753e-21,0.12018179821289356
3OXCOAT,0.0,0.0
3PEPTabcpp,0.0,0.07635534557057677
3PEPTtex,-0.04111402485833419,0.0
3UMPtex,0.0,0.0
42A12BOOXpp,0.0,0.0
4HOXPACDtex,0.0,0.0
4HTHRS,0.0,0.0
4PCP,0.0,0.07659158828782726
4PCPpp,0.0,0.07603996098382827
4PEPTabcpp,0.0,0.07619855841321366
4PEPTtex,-0.03498298606367029,0.0
5DGLCNR,-0.12803727631179695,0.0
5DGLCNt2rpp,-0.12803727631179695,0.0
5DGLCNtex,-0.12803727631179695,0.0
5DOAN,0.0,0.025739339072845032
5MTRtex,-0.0359701862821913,0.0
5MTRtpp,1.691355389077387e-17,0.03597018628265144
A5PISO,-2.9001261571313296e-20,0.013003258617846115
AACPS1,0.0,2.7275250000634514
AACPS2,0.0,2.7275250000673346
AACPS3,0.0,2.7275250000628506
AACPS4,0.0,2.727525000063733
AACPS5,0.0,2.7275250000636886
AACPS6,0.0,2.727525000063652
AACPS7,0.0,2.7275250000660662
AACPS8,0.0,2.7275250000660662
AACPS9,-3.70985633963057e-08,2.727525000067658
AACTOOR,0.0,0.5650636432914586
AADDGT,0.0,0.008836276217836024
AAMYL,0.0,0.0
AAMYLpp,0.0,0.0
AB6PGH,0.0,0.0
ABTA,0.0,0.2178542628010973
ABUTD,0.0,0.09570277443120043
ABUTt2pp,0.0,1000.0
ABUTtex,-0.1442108077495845,0.0
ACACCT,0.0,0.0
ACACT1r,-0.12018179821203741,0.08743664882148487
ACACT2r,-0.12018179821203741,0.08743664882148487
ACACT3r,-0.12018179821203741,0.029149271569527832
ACACT4r,-0.24799418678673574,0.029149271569527832
ACACT5r,-0.40043138692365565,0.029149271569527832
ACACT6r,-0.4004313855385917,0.009363040406236376
ACACT7r,-0.40043138692343117,0.004681520203118188
ACACT8r,-0.0006138534471829261,0.40043138554285845
ACACt2pp,0.0,0.0
ACACtex,0.0,0.0
ACALD,-0.36991696483762276,5.270107858774224
ACALDtex,-0.2746747250836164,0.0
ACALDtpp,-0.2746747250836164,0.0
ACANTHAT,0.0,0.0
ACBIPGT,0.0,0.0
ACCOAC,0.0,2.7275250000676037
ACCOAL,0.0,1000.0
ACGAL1PPpp,0.0,0.0
ACGAL1Ptex,0.0,0.0
ACGALtex,0.0,0.0
ACGAM1PPpp,0.0,0.0
ACGAM1Ptex,0.0,0.0
ACGAMK,0.0,0.04785138721558724
ACGAMT,0.0,0.008836276217799047
ACGAptspp,0.0,0.0
ACGAtex,0.0,0.0
ACGK,0.0,0.09570277443154893
ACGS,0.0,0.09570277443154691
ACHBS,0.0,0.09117779952992507
ACKr,-0.0702811486,4.27061589169374e-16
ACLS,0.0,0.11554428043673944
ACM6PH,-2.465190328815662e-32,0.047851387215594524
ACMAMUT,0.0,0.00883627621783769
ACMANAptspp,0.0,0.0
ACMANAtex,0.0,0.0
ACMUMptspp,0.0,0.0
ACMUMtex,0.0,0.0
ACNAMt2pp,0.0,0.0
ACNAMtex,0.0,0.0
ACNML,0.0,0.0
ACOAD1f,-0.08743664882082276,0.1201817982147526
ACOAD2f,-0.08743664882082276,0.12018179821322554
ACOAD3f,-0.02914927156893269,0.12018179821322554
ACOAD4f,-0.029149271568932683,0.24799418678837232
ACOAD5f,-0.029149271568932683,0.4004313855409259
ACOAD6f,-0.009363040406081345,0.40043138554104923
ACOAD7f,-0.002145166959505227,0.4004313855410491
ACOAD8f,0.0,0.40043138554104746
ACOATA,-2.727525000043473,0.1201817982125295
ACODA,0.0,0.09570277443120041
ACOLIPAabctex,0.0,0.0031819064989081196
ACONIs,0.0,0.0
ACONMT,0.0,0.0
ACONTa,-2.366162821232365e-15,0.3020982388
ACONTb,-8.4808666393846e-16,0.3020982388
ACOTA,-0.09570277443120125,0.0
ACPPAT120,0.0,2.727525000065646
ACPPAT140,0.0,2.7275250000553775
ACPPAT141,0.0,2.7275250000553326
ACPPAT160,0.0,2.727525000055333
ACPPAT161,0.0,2.727525000055325
ACPPAT180,0.0,2.7275250000553326
ACPPAT181,0.0,2.7275250000553326
ACPS1,0.0,0.0
ACS,-3.120038617924e-11,0.0957027744
ACSERtex,-0.1449388541765572,0.0
ACSERtpp,0.0,0.14493885417821367
ACt2rpp,-3.12e-11,5.519648953971827e-12
ACt4pp,0.0,3.671964895397183e-11
ACtex,-3.12e-11,5.51964895397183e-12
ADA,0.0,0.437952386894058
ADCL,1.0076968264519915e-16,1.1260586412503458e-05
ADCS,1.0076968264519915e-16,1.1260586412503458e-05
ADD,0.0,0.43795238689438065
ADEt2rpp,-0.1392951188084022,0.0
ADEtex,-0.13929511880840234,0.0
ADK1,-8.22985771937749e-06,0.0955831737
ADK3,-1000.0,2.8001022386794148
ADK4,-2.7275250000532196,0.0
ADMDC,0.0,0.03597018628276922
ADNCYC,0.0,0.0088019316
ADNK1,0.0,2.7275250053065903
ADNUC,0.0,2.727525005302717
ADNt2pp,0.0,1000.0
ADNt2rpp,-1000.0,0.0
ADNtex,-0.06085743333790608,0.0
ADOCBIK,0.0,0.0
ADOCBLS,0.0,0.0
ADOCBLabcpp,0.0,0.0
ADOCBLtonex,0.0,0.0
ADPRDP,0.0,0.6818812513256792
ADPT,0.0,2.7275250053027618
ADSK,0.0,0.2768830094614623
ADSL1r,-5.305894612561701e-13,0.43795238690002924
ADSL2r,-3.587598774159697e-16,0.2532441827120552
ADSS,-4.7009777538311893e-14,0.43795238689718596
AGDC,0.0,0.09570277443120041
AGM3PA,0.0,0.04785138721560021
AGM3PApp,0.0,0.07635534557037879
AGM3PH,0.0,0.04785138721560021
AGM3Pt2pp,0.0,0.04785138721560021
AGM4PA,0.0,0.04785138721560021
AGM4PApp,0.0,0.07619855841332061
AGM4PCP,0.0,0.04785138721560021
AGM4PCPpp,0.0,0.07643463831178794
AGM4PH,0.0,0.04785138721560021
AGM4Pt2pp,0.0,0.04785138721560021
AGMH,0.0,0.04785138721560021
AGMHE,0.0,0.01307323119325578
AGMT,2.2596186746581977e-17,0.09570277443120043
AGMt2pp,0.0,0.04785138721560022
AGMtex,-0.09570277443120058,0.0
AGPAT120,0.0,0.6417705894800853
AGPAT140,0.0,0.6417705894801369
AGPAT141,0.0,0.6417705894801357
AGPAT160,-1.8337013450637645e-32,0.641770589480095
AGPAT161,0.0,0.6417705894819055
AGPAT180,0.0,0.6417705894853787
AGPAT181,0.0,0.6417705894854776
AGPR,-0.09570277443120043,0.0
AGt3,0.0,0.0
AHCYSNS,2.6854380211967585e-34,0.06085743333845905
AICART,-1.0457346794057049e-14,0.2532441827115837
AIRC2,-1.0449521463103507e-14,0.2532441827105675
AIRC3,-0.2532441827074552,6.171452238135089e-14
AKGDH,-1.06e-12,0.2160644933
AKGt2rpp,-0.15572802923853282,0.0
AKGtex,-0.15572802923853282,0.0
ALAALAD,0.0,2.7275250000724816
ALAALAabcpp,0.0,0.0767491841483849
ALAALAr,0.0,2.7275250053259783
ALAALAtex,-0.06016145725176259,0.0
ALAGLUE,0.0,0.07546172033534017
ALAR,1.5109980715385184e-17,1.6309553793387295
ALATA_D2,0.0,1.6309553793395255
ALATA_L,-1000.0,1000.0
ALATA_L2,0.0,1.6309553793380636
ALATRS,0.0,0.0
ALAabcpp,0.0,3.301517854064786
ALAt2pp,0.0,1000.0
ALAt2rpp,-1000.0,0.0
ALAt4pp,0.0,1000.0
ALAtex,-0.23108856087219465,0.0
ALCD19,-0.21277846399169845,0.0
ALCD2x,-0.23966690172584545,0.0
ALDD19xr,0.0,0.0
ALDD2x,0.0,0.09570277443118534
ALDD2y,0.0,0.09570277443118538
ALDD3y,0.0,0.0
ALDD4,0.0,0.0
ALLK,0.0,0.0
ALLPI,0.0,0.0
ALLTAMH,1.9438673633479802e-18,0.253244182710514
ALLTN,0.0,0.253244182710514
ALLTNt2rpp,-0.18730069337968058,0.0
ALLTNtex,-0.18730069337968058,0.0
ALLULPE,0.0,0.0
ALLabcpp,0.0,0.0
ALLtex,0.0,0.0
ALPATE160pp,0.0,0.0
ALPATG160pp,0.0,0.0
ALR2,0.0,0.17651090491580482
ALR4x,0.0,0.1765109049155609
ALTRH,0.0,0.0
AM3PA,0.0,0.04785138721562755
AM4PA,0.0,0.04785138721560028
AM4PCP,0.0,0.04785138721560028
AMALT1,0.0,0.0
AMALT2,0.0,0.0
AMALT3,0.0,0.0
AMALT4,0.0,0.0
AMANAPEr,0.0,0.0
AMANK,0.0,0.0
AMAOTr,0.0,2.4842398093751343e-08
AMMQLT8,0.0,2.815146603143037e-06
AMPMS2,-4.1229445070281397e-25,2.815146603143037e-06
AMPN,0.0,2.7275250000598135
AMPTASECG,0.0,0.6417705882525704
AMPTASEPG,0.0,0.0
AMPtex,1.1479437019748904e-41,0.0
ANHGMtex,-0.0328361827146583,0.0
ANHMK,1.333830575675551e-13,0.04785138721560028
ANPRT,0.0,0.03574349380007564
ANS,0.0,0.03574349380007568
AOBUTDs,0.0,0.5650636432910856
AOXSr2,0.0,9.444642836674813e-09
AP4AH,0.0,2.727525005308861
AP4AS,0.0,2.727525005308861
AP5AH,0.0,0.0
APCS,0.0,0.0
APG3PAT120,0.0,0.6417705894844714
APG3PAT140,0.0,0.6417705894832527
APG3PAT141,0.0,0.6417705894830859
APG3PAT160,0.0,0.6417705894837513
APG3PAT161,0.0,0.6417705894832612
APG3PAT180,0.0,0.6417705894833594
APG3PAT181,0.0,0.6417705894833129
APH120,0.0,2.7275250053106674
APH140,0.0,2.7275250053106
APH141,0.0,2.72752500531055
APH160,0.0,2.72752500531055
APH161,0.0,2.72752500531055
APH180,0.0,2.72752500531055
APH181,0.0,2.72752500531055
APPLDHr,0.0,0.0
APRAUR,0.0,5.63029320625729e-06
ARAI,0.0,0.0
ARBTNR1,0.0,0.4743521739209698
ARBTNR2,0.0,0.4743521739234164
ARBTNR3,0.0,0.47435217392586665
ARBTNabcpp,0.0,0.9487043478474183
ARBTNexs,0.0,0.9487043478431503
ARBTNtex,0.0,0.9487043478431503
ARBTNtonex,0.0,0.9487043478474183
ARBTNtpp,0.0,0.9487043478431503
ARBTptspp,0.0,0.0
ARBTtex,0.0,0.0
ARBabcpp,0.0,3.3015178540700783
ARBt2rpp,-3.3015178540658385,4.594291997593285
ARBt3ipp,0.0,4.594291997607787
ARBtex,0.0,0.0
ARGAGMt7pp,-0.09570277443120043,0.09570277443118569
ARGDC,0.0,0.09570277443118569
ARGDCpp,0.0,0.09570277443118569
ARGORNt7pp,0.0,4.594291997573179
ARGSL,1.1183820002664181e-10,0.09570277443118569
ARGSS,1.1183820002664181e-10,0.09570277443118569
ARGTRS,0.0,0.0
ARGabcpp,0.0,2.1820200000553736
ARGt3pp,0.0,4.594291997580975
ARGtex,-0.09570277443118037,0.0
ASAD,-0.6153580922697118,2.985033603944996e-16
ASCBPL,0.0,0.0
ASCBptspp,0.0,0.0
ASCBtex,0.0,0.0
ASNN,0.0,2.727525000067221
ASNNpp,0.0,2.7275250000672853
ASNS1,0.0,1.3637625000336897
ASNS2,0.0,2.727525000067375
ASNTRS,0.0,0.0
ASNabcpp,0.0,3.301517854062922
ASNt2rpp,-3.301517854064381,-2.0084535612813297e-11
ASNtex,-0.2152400115670614,0.0
ASO3t8pp,0.0,0.0
ASO3tex,0.0,0.0
ASP1DC,0.0,7.2714100508728075e-06
ASPCT,0.0,0.21683649641045122
ASPK,1.2576745200831851e-17,0.6153580922741532
ASPO3,0.0,2.8769925982321448e-05
ASPO4,0.0,2.8769925982321465e-05
ASPO5,0.0,2.8769925982321465e-05
ASPO6,0.0,2.877008152212196e-05
ASPT,0.0,0.4813460060792129
ASPTA,-0.7214979481403485,2.090516158630882e-12
ASPTRS,0.0,0.0
ASPabcpp,0.0,3.301517854069048
ASPt2_2pp,0.0,9.188583995154886
ASPt2_3pp,0.0,4.594291997587482
ASPt2pp,0.0,1000.0
ASPt2rpp,-1000.0,2.727525000082892
ASPtex,-0.21972354968147556,0.0
ASR,0.0,0.0
AST,0.0,0.09570277443118878
ATHRDHr,-5.317959245920598,0.0
ATPHs,0.0,0.4379523868942802
ATPM,-0.0005159992,2.7270090061122305
ATPPRT,0.0,0.0608574333385702
ATPS4rpp,1.88546988594034e-06,2.6752444551
BALAt2pp,0.0,0.0
BALAtex,0.0,0.0
BETALDHx,0.0,0.0
BETALDHy,0.0,0.0
BMOCOS,0.0,1.5324801660596106e-06
BMOGDS1,0.0,1.5324801660596106e-06
BMOGDS2,0.0,1.5324801660596106e-06
BPNT,-2.7755575615628914e-17,0.2768830094612233
BSORx,0.0,0.0
BSORy,0.0,0.0
BTNt2ipp,0.0,-1.5333573634523874e-18
BTNtex,-4.5626651414248453e-32,-1.5333573634523874e-18
BTS5,-3.4706181030178885e-35,1.593691274320357e-08
BUTCT,0.0,0.0
BUTSO3abcpp,0.0,0.0
BUTSO3tex,0.0,0.0
BUTt2rpp,0.0,0.0
BUTtex,0.0,0.0
BWCOGDS1,0.0,0.0
BWCOGDS2,0.0,0.0
BWCOS,0.0,0.0
CA2t3pp,0.0,1000.0
CA2tex,-2.885983981728966e-34,6.538164473113284e-05
CADVtpp,0.0,0.09573668950611426
CAT,0.0,0.0
CAt6pp,-1000.0,0.0
CBIAT,0.0,0.0
CBItonex,0.0,0.0
CBIuabcpp,0.0,0.0
CBL1abcpp,0.0,2.8151466031350765e-06
CBL1tonex,0.0,2.8151466031467384e-06
CBLAT,0.0,2.8151466031467384e-06
CBMD,0.0,0.1605695500346292
CBMKr,-1.3637625000229634,0.2798307276599961
CBPS,0.0,1.3637625000331293
CCGS,0.0,0.0
CD2abcpp,0.0,2.727525000066272
CD2t3pp,0.0,9.188583995138211
CD2tex,0.0,0.0
CD2tpp,0.0,9.188583995161428
CDAPPA120,0.0,2.7275250000834292
CDAPPA140,0.0,2.727525000082945
CDAPPA141,0.0,2.727525000082943
CDAPPA160,0.0,2.7275250000829434
CDAPPA161,0.0,2.7275250000829434
CDAPPA180,0.0,2.727525000083008
CDAPPA181,0.0,2.7275250000829567
CDGR,0.0,0.0
CDGS,0.0,0.0
CDPMEK,0.0,8.364646364330976e-05
CFAS160E,0.0,0.0
CFAS160G,0.0,0.0
CFAS180E,0.0,0.0
CFAS180G,0.0,0.0
CGLYabcpp,0.0,0.6417705882552089
CGLYtex,-0.08943383685264858,0.0
CHLabcpp,0.0,0.0
CHLt2pp,0.0,0.0
CHLtex,-9.059246186490511e-19,0.0
CHOLD,-9.059246186490511e-19,0.0
CHORM,0.0,0.0655456352649749
CHORS,0.0,0.06554563526538626
CHRPL,0.0,2.8151465942824522e-06
CHTBSptspp,0.0,0.0
CHTBStex,0.0,0.0
CINNDO,0.0,0.0
CITL,0.0,0.09570277443105905
CITt3pp,0.0,3.062861331712572
CITt7pp,0.0,3.062861331713428
CITtex,-0.13862015899626742,8.562039965909207e-13
CLIPAabctex,0.0,0.004681520202970909
CLPNH120pp,0.0,0.5764749554785712
CLPNH140pp,0.0,0.5764749554672293
CLPNH141pp,0.0,0.5764749554672051
CLPNH160pp,0.0,0.5764749554672264
CLPNH161pp,0.0,0.5764749554672286
CLPNH180pp,0.0,0.5764749554672286
CLPNH181pp,0.0,0.576474955467229
CLPNS120pp,0.0,0.5764749554673861
CLPNS140pp,0.0,0.5764749554673881
CLPNS141pp,0.0,0.5764749554673883
CLPNS160pp,0.0,0.5764749554673883
CLPNS161pp,0.0,0.5764749554673881
CLPNS180pp,0.0,0.5764749554673869
CLPNS181pp,0.0,0.5764749554673865
CLt3_2pp,0.0,3.2690822396570223e-05
CLtex,0.0,6.538164479314045e-05
CMPN,0.0,0.9091750017732939
CMPtex,0.0,0.0
CMtex,0.0,9.188584016162169
CMtpp,0.0,9.188584016157055
CO2tex,-0.6495144168157967,0.5937351114067619
CO2tpp,-0.6495144168166025,1.0500025756492632
COBALT2abcpp,0.0,2.727525000064901
COBALT2t3pp,0.0,9.18858399515052
COBALT2tex,0.0,3.0356177374966966e-07
COBALT2tpp,0.0,9.188583995186848
COLIPAKpp,0.0,0.002386247788558293
COLIPAPabctex,0.0,0.002386247788558293
COLIPAabcpp,1.1038088926754572e-17,0.003268307798313053
COLIPAabctex,0.0,0.0032683077983130505
CPGNR1,0.0,0.4743521739279721
CPGNR2,0.0,0.47435217392607415
CPGNR3,0.0,0.4743521739264141
CPGNUtex,0.0,0.9487043478528282
CPGNUtpp,0.0,0.9487043478528282
CPGNabcpp,0.0,0.9487043478530022
CPGNexs,0.0,0.9487043478528282
CPGNtonex,0.0,0.9487043478530022
CPH4S,0.0,0.0
CPMPS,0.0,3.1054980465826173e-06
CPPPGO,0.0,0.016270676563138468
CPPPGO2,0.0,0.012869669536449288
CRNBTCT,0.0,0.0
CRNCAL2,0.0,0.0
CRNCAR,0.0,0.0
CRNCBCT,0.0,0.0
CRNCDH,0.0,0.0
CRNDCAL2,0.0,0.0
CRNDabcpp,0.0,3.30151785406546
CRNDt2rpp,-3.3015178540671113,1000.0000000000001
CRNDtex,0.0,0.0
CRNabcpp,0.0,3.301517854069925
CRNt2rpp,-1000.0,0.0
CRNt7pp,0.0,0.0
CRNt8pp,0.0,1000.0
CRNtex,0.0,0.0
CS,-1.8245911884946208e-12,0.3457864869
CSND,1.3147681753683527e-31,0.909175001767711
CSNt2pp,0.0,0.0
CSNtex,1.3147681753683527e-31,0.0
CTBTCAL2,0.0,0.0
CTBTabcpp,0.0,3.301517854062434
CTBTt2rpp,-3.301517854065691,0.0
CTECOAI6,-0.40043138553818514,0.22480048586878398
CTECOAI7,-0.40043138553897584,0.40043138554055174
CTECOAI8,-0.0006138534471818487,0.40043138692565583
CTPS2,0.0,0.909175001763368
CU1Opp,0.0,0.0
CU1abcpp,0.0,0.0
CU2abcpp,0.0,2.7275250052900857
CU2tex,0.0,8.905972363900597e-06
CU2tpp,0.0,2.727525000077575
CUt3,0.0,0.0
CUtex,0.0,0.0
CYANST,0.0,0.0
CYANSTpp,0.0,0.0
CYANtex,0.0,0.0
CYNTAH,0.0,0.0
CYNTt2pp,0.0,0.0
CYNTtex,0.0,0.0
CYSDDS,0.0,0.0
CYSDS,0.0,0.09570277443120054
CYSDabcpp,0.0,0.0
CYSDtex,0.0,0.0
CYSS,2.665121644499859e-17,0.09570277443120044
CYSSADS,0.0,0.0
CYSTL,0.0,0.03597018628265073
CYSTRS,0.0,0.0
CYSabc2pp,0.0,1.3637625000226734
CYSabcpp,0.0,2.7275250000620135
CYStex,-0.09570277443120045,1.1546319456101628e-14
CYStpp,0.0,2.727525000062002
CYTBD2pp,0.0,1.4451259503050062
CYTBDpp,0.0,1.4451259502877747
CYTBO3_4pp,-6.8452975284528e-13,1.0396269912
CYTD,0.0,0.9091750000200292
CYTDH,0.0,0.6818812500150101
CYTDK2,0.0,2.7275250000600972
CYTDt2pp,0.0,1000.0
CYTDt2rpp,-1000.0,0.0
CYTDtex,-0.06085743333833792,0.0
CYTK1,-0.9091750017611547,2.727525000060339
CYTK2,-0.060857433338359856,2.7275250000609406
D_DASH_LACt2pp,-0.23934172376096227,0.0
D_DASH_LACtex,-0.23934172376096227,0.0
DAAD,0.0,0.7353889008752503
DADA,0.0,0.437952386896887
DADK,-0.06085743333835988,2.7275250000723603
DADNt2pp,0.0,0.0
DADNtex,0.0,0.0
DAGK120,4.288333392070951e-29,2.7275250000676627
DAGK140,0.0,2.7275250000676627
DAGK141,1.2037062152420216e-35,2.727525000067671
DAGK160,0.0,2.727525000067671
DAGK161,0.0,2.727525000067671
DAGK180,0.0,2.727525000067671
DAGK181,-8.553704884379945e-29,2.727525000067671
DALAt2pp,0.0,0.15286927662324
DALAtex,-0.12032291450357016,0.0
DAMPtex,1.153500800655591e-29,0.0
DAPAL,0.0,0.0
DAPDC,0.0,0.09573668950577505
DAPE,0.0,0.09573668950577505
DAPabcpp,0.0,0.0
DAPtex,-0.09573668950422214,0.0
DASYN120,0.0,2.7275250000507403
DASYN140,0.0,2.727525000066692
DASYN141,0.0,2.7275250000666973
DASYN160,-1.104640849237375e-30,2.7275250000666973
DASYN161,0.0,2.7275250000535354
DASYN180,0.0,2.7275250000535354
DASYN181,3.786532345060855e-29,2.72752500005355
DATPHs,0.0,0.06085743333812868
DB4PS,0.0,1.1260602555626685e-05
DBTS,0.0,2.5247987792882026e-08
DC6PH,-2.590028565505407e-29,0.0
DCAtex,0.0,0.0
DCMPtex,0.0,0.0
DCTPD,0.0,0.060857433338338325
DCYTD,0.0,0.060857433338338325
DCYTt2pp,0.0,0.0
DCYTtex,0.0,0.0
DDCAtexi,0.0,0.0
DDGALK,0.0,0.0
DDGLCNt2rpp,0.0,0.0
DDGLCNtex,0.0,0.0
DDGLK,0.0,0.0
DDPA,0.0,0.071486987599975
DDPGALA,0.0,0.0
DGK1,-0.06085743333847354,2.7275250053103317
DGMPtex,0.0,0.0
DGSNt2pp,0.0,0.0
DGSNtex,5.048709793414469e-29,0.0
DHACOAH,0.0,0.0
DHAD1,0.0,0.11554428043869905
DHAD2,0.0,0.0911777995296251
DHAPT,0.0,0.6263415777733156
DHAtex,-0.22999999999999995,0.0
DHAtpp,-0.22999999999999995,0.0
DHBD,0.0,0.06538115437369274
DHBS,0.0,1.363762500035751
DHBSH,0.0,1.363762500036706
DHCIND,0.0,0.0
DHCINDO,0.0,0.0
DHDPRy,0.0,0.09573668950600346
DHDPS,0.0,0.09573668950600346
DHFR,0.0,0.1445300716305185
DHFS,0.0,1.1260586422414762e-05
DHMPTR,0.0,0.0
DHNAOT4,0.0,5.630293206251055e-06
DHNCOAS,0.0,5.630293206251055e-06
DHNCOAT,0.0,5.630293206251055e-06
DHNPA2r,0.0,1.1260586422414762e-05
DHNPTE,0.0,0.0
DHORD2,0.0,0.2168364964121006
DHORD5,0.0,0.21683649641099542
DHORDfum,0.0,0.21683649641099545
DHORTS,-0.21683649640785607,0.0
DHPPD,0.0,0.0
DHPPDA2,0.0,5.630301166663152e-06
DHPS2,0.0,1.126060233332016e-05
DHPTDCs2,0.0,0.06085743333824198
DHPTDNR,0.0,0.0
DHPTDNRN,0.0,0.0
DHPTPE,0.0,0.0
DHQS,0.0,0.07148698759988482
DHQTi,0.0,0.06554563526542415
DIMPtex,2.748723094757866e-29,0.0
DINSt2pp,0.0,0.0
DINStex,2.748723094757866e-29,0.0
DKGLCNR1,0.0,0.0
DKGLCNR2x,0.0,0.0
DKGLCNR2y,0.0,0.0
DMATT,0.0,1.1954904354456336e-05
DMPPS,0.0,8.364645855610114e-05
DMQMT,0.0,2.8151464319363847e-06
DMSOR1,0.0,0.0
DMSOR1pp,0.0,0.0
DMSOR2,0.0,0.0
DMSOR2pp,0.0,0.0
DMSOtex,0.0,0.0
DMSOtpp,0.0,0.0
DMStex,0.0,0.0
DNMPPA,0.0,1.126058572774481e-05
DNTPPA,0.0,1.126058572774481e-05
DOGULNR,0.0,0.0
DOPAtex,0.0,0.0
DOXRBCNtex,0.0,9.188583995119716
DOXRBCNtpp,0.0,9.188583995119716
DPCOAK,0.0,7.271410076691055e-06
DPR,0.0,7.271410076691055e-06
DRPA,0.0,0.06085743333858273
DSBAO1,0.0,0.0
DSBAO2,0.0,0.0
DSBCGT,0.0,0.0
DSBDR,0.0,0.0
DSBGGT,0.0,0.0
DSERDHr,-0.6751452043352466,0.0
DSERt2pp,0.0,0.0
DSERtex,0.0,0.0
DTARTD,0.0,0.0
DTMPK,0.0,2.727525005312049
DTMPtex,0.0,0.0
DUMPtex,0.0,0.0
DURADx,0.0,0.0
DURIK1,0.0,2.727525005301133
DURIPP,-0.14453007163034806,0.06085743333846959
DURIt2pp,0.0,0.0
DURItex,0.0,0.0
DUTPDP,0.0,0.06085743333824222
DXPRIi,0.0,8.364646264849472e-05
DXPS,0.0,8.927675578782896e-05
DXYLK,0.0,0.0
E4PD,0.0,2.81514656966712e-06
EAR100x,0.0,0.24799418678719945
EAR100y,0.0,0.24178565922773865
EAR120x,0.0,0.40043138554292285
EAR120y,0.0,0.3840125175969968
EAR121x,0.0,0.2248004858666371
EAR121y,0.0,0.21760709328829234
EAR140x,0.0,0.4004313855136375
EAR140y,0.0,0.3840125175945131
EAR141x,0.0,0.22480048586648493
EAR141y,0.0,0.2176070933045517
EAR160x,0.0,0.4004313855387892
EAR160y,0.0,0.3840125176011421
EAR161x,0.0,0.400431386927998
EAR161y,0.0,0.3840125175972375
EAR180x,0.0,0.40043138554287483
EAR180y,0.0,0.3840125175947841
EAR181x,0.0,0.40043138693032065
EAR181y,0.0,0.38401251759677907
EAR40x,0.0,0.12018179821401836
EAR40y,0.0,0.11869477816653579
EAR60x,0.0,0.12018179821349954
EAR60y,0.0,0.11869477816653579
EAR80x,0.0,0.12018179821349945
EAR80y,0.0,0.11869477816610441
ECA4COLIPAabctex,0.0,0.0022090690544883714
ECA4OALpp,0.0,0.0022090690544883714
ECAP1pp,0.0,0.0022090690544883714
ECAP2pp,0.0,0.0022090690544883714
ECAP3pp,0.0,0.0022090690544883714
ECAtpp,0.0,0.008836276217953486
ECOAH1,-0.12018179821331527,0.08743664882236407
ECOAH2,-0.12018179821330956,0.08743664882236407
ECOAH3,-0.12018179821330956,0.02914927156942865
ECOAH4,-0.2479941867892679,0.02914927156942867
ECOAH5,-0.4004313869274844,0.02914927156942868
ECOAH6,-0.4004313855415295,0.009363040406241228
ECOAH7,-0.4004313855428012,0.004681520203119475
ECOAH8,-0.40043138554279956,0.0006138534596270612
EDA,-1.5612535978834514e-17,0.1530294203
EDD,-5.24241677959193e-22,0.1530294203
EDTXS1,0.0,0.004858211883938004
EDTXS2,0.0,0.004858211883938004
EDTXS3,0.0,0.004681520159869745
EDTXS4,0.0,0.004681520159869745
EGMEACPR,0.0,2.3480698740710337e-09
ENLIPAabctex,0.0,0.00476418201995851
ENO,-5.59682439751757e-19,0.4581898116
ENTCS,0.0,0.45458750088535754
ENTERES,0.0,0.45458750088535754
ENTERES2,0.0,0.30732676116183893
EPMEACPR,4.7894888092266e-19,9.976938321830465e-09
ETHAAL,0.0,0.41640189634316155
ETHAt2pp,0.0,0.3314179458617709
ETHAtex,-0.17623345859598477,0.0
ETHSO3abcpp,0.0,0.0
ETHSO3tex,0.0,0.0
ETOHtex,-0.23966690173073557,0.0
ETOHtrpp,-0.23966690173073557,0.0
F6PA,-0.2927694926995346,0.2299999999999762
F6PP,0.0,2.727525005301711
F6Pt6_2pp,0.0,0.0
F6Ptex,0.0,0.0
FA100ACPHi,0.0,2.727525005301711
FA120ACPHi,0.0,2.727525005301722
FA140ACPHi,0.0,2.727525005301717
FA141ACPHi,0.0,2.727525005301738
FA160ACPHi,0.0,2.7275250053017297
FA161ACPHi,0.0,2.7275250053014033
FA80ACPHi,0.0,2.727525005301405
FACOAE100,0.0,0.40043138693304847
FACOAE120,0.0,0.9127520128200154
FACOAE140,0.0,0.9127520128200076
FACOAE141,0.0,0.9127520128200122
FACOAE160,0.0,0.9127520145715241
FACOAE161,0.0,0.9127520145704439
FACOAE180,0.0,0.9127520145686627
FACOAE181,0.0,0.9127520145685627
FACOAE60,0.0,2.727525005307473
FACOAE80,0.0,0.2479941867893964
FACOAL100t2pp,0.0,0.0
FACOAL120t2pp,0.0,0.9127520128210014
FACOAL140t2pp,0.0,0.912752012824768
FACOAL141t2pp,0.0,0.9127520128247658
FACOAL160t2pp,0.0,0.9127520128247633
FACOAL161t2pp,0.0,0.912752012824763
FACOAL180t2pp,0.0,0.912752012824762
FACOAL181t2pp,0.0,0.9127520128282993
FACOAL60t2pp,0.0,2.727525000080458
FACOAL80t2pp,0.0,0.0
FADRx,0.0,0.7434889428845192
FADRx2,0.0,0.7353889008771807
FALDH2,0.0,0.0
FALDtex,0.0,0.0
FALDtpp,0.0,0.0
FALGTHLs,0.0,0.0
FBA,-1.13047170882416e-22,0.2285933013
FBA3,0.0,0.06417619139973264
FBP,-1.1e-24,0.007008347
FCI,-6.462348535570526e-27,0.0
FCLK,0.0,0.0
FCLPA,-6.462348535570526e-27,0.0
FCLT,9.273335736608324e-15,0.016270676563089243
FDH4pp,0.0,1.4451259502936915
FDH5pp,0.0,1.4451259503036487
FDMO,2.5243548967072355e-29,0.0
FDMO2,0.0,0.0
FDMO3,0.0,0.0
FDMO4,0.0,0.0
FDMO6,0.0,0.0
FE2abcpp,0.0,2.182020004244704
FE2t2pp,0.0,4.594292008049281
FE2t3pp,0.0,9.188584016098561
FE2tex,-1.260053190883025,1000.0
FE2tpp,0.0,9.1885839951874
FE3DCITabcpp,0.0,0.0
FE3DCITtonex,0.0,0.0
FE3DHBZR,0.0,0.0
FE3DHBZSabcpp,0.0,0.0
FE3DHBZStonex,0.0,0.0
FE3HOXR1,0.0,0.4743521739261496
FE3HOXR2,0.0,0.4743521739261712
FE3HOXR3,0.0,0.474352173926171
FE3HOXUtex,0.0,0.948704347852342
FE3HOXUtpp,0.0,0.948704347852342
FE3HOXabcpp,0.0,0.9487043478522992
FE3HOXexs,0.0,0.948704347852342
FE3HOXtonex,0.0,0.9487043478522992
FE3Ri,0.0,0.7434889428886631
FE3abcpp,0.0,1.2600531886825788
FE3tex,-1000.0,1.2600531886761246
FECRMR1,0.0,0.474352174837118
FECRMR2,0.0,0.47435217483591613
FECRMR3,0.0,0.47435217392466067
FECRMUtex,0.0,0.9487043478493213
FECRMUtpp,0.0,0.9487043478493213
FECRMabcpp,0.0,0.9487043478493213
FECRMexs,0.0,0.9487043478493213
FECRMtonex,0.0,0.9487043478493213
FEENTERR1,0.0,0.47435217392535595
FEENTERR2,0.0,0.47435217392233464
FEENTERR3,0.0,0.47435217392233464
FEENTERabcpp,0.0,0.9487043478446693
FEENTERexs,0.0,0.9487043478446693
FEENTERtex,0.0,0.9487043478446693
FEENTERtonex,0.0,0.9487043478446693
FEENTERtpp,0.0,0.9487043478446693
FEOXAMR1,0.0,0.47435217392233425
FEOXAMR2,0.0,0.47435217392233425
FEOXAMR3,0.0,0.47435217392233425
FEOXAMUtex,0.0,0.9487043478446685
FEOXAMUtpp,0.0,0.9487043478446685
FEOXAMabcpp,0.0,0.9487043478446685
FEOXAMexs,0.0,0.9487043478446685
FEOXAMtonex,0.0,0.9487043478446685
FEROpp,0.0,250.31501329716824
FESD1s,2.7799621328886137e-18,0.7085035882746752
FESD2s,0.0,0.0
FESR,0.0,1.4170071765493504
FFSD,0.0,0.0
FHL,0.0,0.0
FLDR2,0.0,1.9589422344294896
FLVR,0.0,0.47089163505702686
FLVRx,0.0,0.474352174838742
FMETTRS,0.0,0.0
FMNAT,1.1519648082658485e-19,2.8151466031440165e-06
FMNRx,0.0,0.4743521739244376
FMNRx2,0.0,0.47089163505474435
FOMETRi,0.0,1000.0
FORCT,0.0,0.0
FORt2pp,0.0,9.188583995211905
FORtex,-1.2309364430086038,0.0
FORtppi,0.0,9.313287682220505
FRD2,0.0,0.4530217517577937
FRD3,0.0,0.453021751757793
FRUK,0.0,0.0
FRULYSDG,0.0,0.0
FRULYSE,0.0,0.0
FRULYSK,0.0,0.0
FRULYSt2pp,0.0,0.0
FRULYStex,0.0,0.0
FRUURt2rpp,0.0,0.0
FRUURtex,0.0,0.0
FRUpts2pp,0.0,0.0
FRUptspp,0.0,0.0
FRUtex,0.0,0.0
FTHFD,0.0,2.7742888826928924
FTHFLi,0.0,2.727525000050716
FUCtex,0.0,0.0
FUCtpp,0.0,0.0
FUM,-1.73754251454922e-12,0.2927396543
FUMt2_2pp,0.0,0.0
FUMt2_3pp,0.0,0.0
FUMtex,0.0,0.0
FUSAtex,0.0,9.188583995168585
FUSAtpp,0.0,9.188583995168585
G1PACT,0.0,0.15349836829656868
G1PPpp,0.0,0.0
G1PTT,0.0,0.011045345272305556
G1Ptex,0.0,0.0
G1SAT,0.0,0.1301654125058442
G2PP,0.0,0.0
G2PPpp,0.0,0.0
G3PAT120,0.0,0.6417705882466795
G3PAT140,0.0,0.641770588252019
G3PAT141,0.0,0.641770588252019
G3PAT160,0.0,0.6417705882520192
G3PAT161,0.0,0.6417705882520192
G3PAT180,0.0,0.641770588251729
G3PAT181,0.0,0.6417705882479076
G3PCabcpp,0.0,1.1296941279178393e-29
G3PCtex,0.0,0.0
G3PD2,-1.7545818345354918,1.6653345369377426e-13
G3PD5,0.0,1.4451259503039182
G3PD6,0.0,1.4451259503055072
G3PD7,0.0,0.4530217517586913
G3PEabcpp,0.0,0.33028836287219143
G3PEtex,-0.019400000000362114,0.0
G3PGabcpp,0.0,0.3409406250100119
G3PGtex,-0.01940000000036209,0.0
G3PIabcpp,0.0,0.0
G3PItex,0.0,0.0
G3PSabcpp,0.0,0.0
G3PStex,0.0,0.0
G3PT,0.0,2.727525000066072
G5SADs,0.0,1.99218269208539
G5SD,0.0,1.99218269208539
G6PDA,0.0,2.7275250000620592
G6PDH2r,3.033142712007398e-18,0.22022504180000002
G6PP,0.0,2.7277636801018477
G6Pt6_2pp,0.0,0.0
G6Ptex,0.0,0.0
GAL1PPpp,0.0,0.0
GAL1Ptex,0.0,0.0
GALBDtex,0.0,0.0
GALCTD,0.0,0.0
GALCTLO,0.0,0.0
GALCTND,0.0,0.0
GALCTNLt2pp,0.0,0.0
GALCTNLtex,0.0,0.0
GALCTNt2pp,0.0,0.0
GALCTNtex,0.0,0.0
GALCTt2rpp,0.0,0.0
GALCTtex,0.0,0.0
GALKr,0.0,0.0
GALM2pp,0.0,0.0
GALS3,0.0,0.0
GALT1,-3.1110704713317394e-18,0.003268307798328703
GALTptspp,0.0,0.0
GALTtex,0.0,0.0
GALURt2rpp,0.0,0.0
GALURtex,0.0,0.0
GALUi,8.263706490562327e-17,2.72776368010261
GALabcpp,0.0,0.0
GALt2pp,0.0,0.0
GALtex,0.0,0.0
GAM6Pt6_2pp,0.0,0.0
GAMAN6Ptex,0.0,0.0
GAMptspp,0.0,0.0
GAMtex,0.0,0.0
GAPD,0.10510002147123124,0.4579513402
GARFT,-2.727525005302411,0.25324418271129356
GART,0.0,2.7275250000773377
GBBTNtex,0.0,0.0
GCALDD,9.466330862652142e-30,1.1260586412511429e-05
GDMANE,0.0,0.0
GDPDPK,0.0,2.727525000050946
GDPMNH,0.0,2.727525000065484
GDPMNP,0.0,2.727525000065484
GDPTPDP,0.0,2.7275250000655062
GDPtex,0.0,0.0
GF6PTA,-3.070006257543191e-11,2.7275250000657687
GGGABADr,0.0,0.09570277443120925
GGGABAH,0.0,0.09570277443120928
GGPTRCO,0.0,0.09570277443120928
GGPTRCS,0.0,0.09570277443120928
GHBDHx,0.0,0.0
GHMT2r,-0.3308748307700442,0.29440966806650887
GK1,-2e-08,2.7275249853040577
GLBRAN2,0.0,1000.0
GLCATr,0.0,0.0
GLCDpp,0.0,0.23
GLCNt2rpp,0.0,0.23
GLCNtex,-0.1198798829836348,0.0
GLCP,0.0,1000.0
GLCP2,0.0,1000.0
GLCRAL,0.0,0.0
GLCRD,-4.402097285228909e-28,0.0
GLCRt2rpp,-4.402097285228909e-28,0.0
GLCRtex,-4.402097285228909e-28,0.0
GLCS1,0.0,1000.0
GLCTR1,0.0,0.003268307798305695
GLCTR2,0.0,0.003268307798305695
GLCTR3,0.0,0.003268307798305695
GLCUR1Ptex,0.0,0.0
GLCURt2rpp,0.0,0.0
GLCURtex,0.0,0.0
GLCabcpp,0.0,0.23000000000000007
GLCptspp,7.57918512441939e-43,0.23
GLCt2pp,0.0,0.22999999999999998
GLCtex,0.0005734319,0.2300000018
GLCtexi,-1.7999999823992141e-09,0.2294265681
GLDBRAN2,0.0,1000.0
GLGC,0.0,1000.000000007987
GLNS,0.0,2.7275250000633333
GLNTRS,0.0,0.0
GLNabcpp,0.0,0.0
GLNtex,1.4672475449886486e-28,0.0
GLTPD,0.0,0.0
GLU5K,0.0,1.992182692081591
GLUABUTt7pp,0.0,1000.0
GLUCYS,0.0,0.6417705882539038
GLUDC,0.0,0.21785426280098363
GLUDy,-1.7915489357090004,2.7275250000456417
GLUN,0.0,2.7275250000472018
GLUNpp,0.0,-3.7511913765069494e-25
GLUPRT,1.0745682250389925e-13,0.2532441827100979
GLUR,-0.07546172033490757,0.0
GLUSy,0.0,2.7275250000581193
GLUTRR,0.0,0.13016541250556807
GLUTRS,0.0,0.13016541250556807
GLUabcpp,0.0,3.3015178540656507
GLUt2rpp,-1000.0,0.6417705882482778
GLUt4pp,0.0,1000.0
GLUtex,-0.14278297797216002,0.0
GLXCL,-5.048709793414476e-29,0.18516550242598645
GLYALDtex,-0.21277846399487696,0.0
GLYALDtpp,-0.21277846399487696,0.0
GLYAT,-0.6153580922724311,5.317959245979
GLYBabcpp,0.0,0.0
GLYBt2pp,0.0,0.0
GLYBtex,0.0,0.0
GLYC2Pabcpp,0.0,0.0
GLYC2Ptex,2.524354896707236e-29,0.0
GLYC3Pabcpp,0.0,0.4545875000111276
GLYC3Pt6pp,0.0,0.45637600641198117
GLYC3Ptex,-0.01939999999857699,0.0
GLYCAt2rpp,-0.15200437174901807,0.0
GLYCAtex,-0.1520043717490182,0.0
GLYCDx,0.0,0.630302296931728
GLYCK,0.0,0.1851655024260339
GLYCK2,0.0,0.1851655024260339
GLYCL,0.0,0.6052329736322939
GLYCLTDx,0.0,1.4451259503002827
GLYCLTDy,0.0,1.4451259502983753
GLYCLTt2rpp,-1000.0,0.0
GLYCLTt4pp,0.0,1000.0
GLYCLTtex,-0.2975207520210006,0.0
GLYCTO2,0.0,1.445125950298452
GLYCTO3,0.0,1.4451259502978744
GLYCTO4,0.0,0.4530217517596563
GLYCtex,-0.1946144487754981,0.0
GLYCtpp,-0.5764749554658094,0.1946144487767298
GLYK,0.0,2.7275250001861036
GLYOX,0.0,0.6283897667311948
GLYOX3,0.0,0.6283897667311947
GLYTRS,0.0,0.0
GLYt2pp,0.0,1000.0
GLYt2rpp,-1000.0,0.0
GLYt4pp,0.0,1000.0
GLYtex,-0.3691940578262347,0.0
GMAND,0.0,0.0
GMHEPAT,0.0,0.013073231193267096
GMHEPK,0.0,0.013073231193267096
GMHEPPA,0.0,0.013073231193267096
GMPR,0.0,1.195309615250321
GMPS2,2.2323785851143096e-17,1.1953096152481988
GMPtex,-1.2595908114016e-17,0.0
GND,-8.18520690228585e-07,0.19485295176440673
GNK,0.0,0.23000000000000004
GOFUCR,0.0,0.0
GP4GH,0.0,0.0
GPDDA1,0.0,0.0
GPDDA1pp,0.0,0.0
GPDDA2,0.0,0.41640189634455316
GPDDA2pp,0.0,0.3314179458621525
GPDDA3,0.0,0.0
GPDDA3pp,0.0,0.0
GPDDA4,0.0,0.454587500882831
GPDDA4pp,0.0,0.3533233604769462
GPDDA5,0.0,0.0
GPDDA5pp,0.0,0.0
GRTT,0.0,1.1954905081332358e-05
GRXR,0.0,0.32349721372066964
GSNK,0.0,2.7275250000720064
GSNt2pp,0.0,0.0
GSNtex,-1.2595908114016e-17,0.0
GSPMDA,0.0,2.72752500006132
GSPMDS,0.0,2.72752500006132
GTHOXtex,1.5447812620312716e-14,0.0
GTHOr,0.0,0.7273246017864268
GTHPi,0.0,0.6995063882270782
GTHRDHpp,3.089562524062543e-14,0.6417705882494702
GTHRDabc2pp,0.0,1.3637625000324218
GTHRDabcpp,0.0,1.3637625000324218
GTHRDtex,-0.057724992891734966,0.0
GTHS,0.0,0.6417705882508055
GTPCI,3.469446951953614e-18,1.1260586410909466e-05
GTPCII2,6.505213034913027e-19,5.630293205456202e-06
GTPDPDP,0.0,1.3637625000126812
GTPDPK,0.0,2.7275250000253624
GTPHs,0.0,0.9091750000069012
GTPtex,0.0,0.0
GUACYC,-2e-08,0.0088207221
GUAD,0.0,0.9091750000079698
GUAPRT,0.0,2.727525000026353
GUAt2pp,0.0,9.188583995192888
GUAtex,-0.1457560933238865,0.0
GUAtpp,-9.188583995149608,0.0
GUI1,0.0,0.0
GUI2,0.0,0.0
GUR1PPpp,0.0,0.0
H2O2tex,0.0,0.0
H2Otex,-501.5243920000822,0.435324909549607
H2Otpp,-3.566991700781408,0.435324909545429
H2SO,0.0,0.27111461343128684
H2St1pp,0.0,0.27688300946726474
H2Stex,-0.2768830094609702,-2.42861286636753e-14
H2tex,0.0,0.0
H2tpp,0.0,0.0
HACD1,-0.12018179821283138,0.08743664882263816
HACD2,-0.12018179821283138,0.08743664882263816
HACD3,-0.12018179821283138,0.029149271569544097
HACD4,-0.24799418678868945,0.029149271569384624
HACD5,-0.40043138554184277,0.029149271569384624
HACD6,-0.40043138554184143,0.009363040406234603
HACD7,-0.40043138554184177,0.004681520203122051
HACD8,-0.4004313855418587,0.0006138538836845254
HADPCOADH3,0.0,0.0
HBZOPT,0.0,2.8151486022338707e-06
HCINNMt2rpp,0.0,0.0
HCINNMtex,0.0,0.0
HCO3E,1.2932935779652699e-11,2.727525000075164
HCYSMT,0.0,0.06085743333875371
HCYSMT2,-3.753364973013993e-17,0.0
HDCAtexi,0.0,0.0
HDCEAtexi,0.0,0.0
HEMEOS,0.0,2.81514660309603e-06
HEPK1,0.0,0.0032683077983222336
HEPK2,0.0,0.0032683077983222336
HEPT1,0.0,0.0032683077983222336
HEPT2,0.0,0.0032683077983222336
HEPT3,0.0,0.0032683077983222336
HEPT4,0.0,0.0032683077983222336
HETZK,0.0,0.0
HEX1,0.0,2.9000250000770498
HEX4,0.0,2.7275250053105284
HEX7,0.0,2.900263680097547
HEXt2rpp,-2.7275250052979785,0.0
HG2abcpp,0.0,0.0
HG2t3pp,0.0,0.0
HG2tex,0.0,0.0
HISTD,0.0,0.06085743333904723
HISTP,0.0,0.06085743333847878
HISTRS,0.0,0.0
HISabcpp,0.0,3.301517854068343
HISt2rpp,-3.3015178540808363,0.0
HIStex,-0.06085743333840754,0.0
HKNDDH,0.0,0.0
HKNTDH,0.0,0.0
HMBS,0.0,0.016270676563194558
HMPK1,0.0,0.0
HOMt2pp,0.0,0.16515676603654192
HOMtex,-0.16515676602598967,-2.7574456606949127e-11
HOPNTAL,0.0,0.0
HPPK2,0.0,1.1260586412548158e-05
HPPPNDO,0.0,0.0
HPPPNt2rpp,0.0,0.0
HPPPNtex,0.0,0.0
HPYRI,-1000.0,0.0
HPYRRx,0.0,1000.0
HPYRRy,0.0,5.31795924594644
HSDy,-0.6153580922740166,-1.214757632660581e-13
HSK,0.0,0.6153580922734704
HSST,1.1429587653801652e-16,0.03597018628280295
HSTPT,6.810693243305235e-17,0.060857433338697475
HXAND,0.0,0.8537925823191863
HXAtex,-0.08743664882182667,0.0
HXCT,0.0,0.09570277443120928
HXPRT,0.0,2.7275250053194755
HYD1pp,0.0,0.0
HYD2pp,0.0,0.0
HYD3pp,0.0,0.0
HYPOE,0.0,2.7275250053085616
HYXNtex,-0.14922646942685636,0.0
HYXNtpp,-0.14922646942685636,0.0
Htex,-1.5192151388324657,1000.0
I2FE2SR,0.0,1.5910656469461146e-09
I2FE2SS,0.0,3.6113780627913224e-06
I2FE2SS2,0.0,3.2659419105422948e-06
I2FE2ST,0.0,3.517168211353241e-07
I4FE4SR,0.0,3.2659419105422948e-06
I4FE4ST,0.0,3.2659419105422948e-06
ICDHyr,-2.39793537658467e-12,0.2178542628
ICHORS,-1000.0,0.06538115437388115
ICHORSi,0.0,1000.0
ICHORT,-6.731882118015975e-19,0.06538115437385636
ICL,-8.01409576581018e-13,0.261530733
ICYSDS,5.47937604032002e-20,2.2673173648044015e-05
IDOND,-5.3179592459723235,0.12042716252520042
IDOND2,0.0,5.317959245952379
IDONt2rpp,-0.12042716252473654,4.618527782440651e-14
IDONtex,-0.12042716252445271,4.618527782440651e-14
IG3PS,0.0,0.060857433338425325
IGPDH,0.0,0.06085743333819783
IGPS,0.0,0.03574349379946518
ILETA,-0.09117779952917159,0.0
ILETRS,0.0,0.0
ILEabcpp,0.0,3.3015178540652026
ILEt2rpp,-3.301517854066828,0.0
ILEtex,-0.09117779952918624,0.0
IMPC,-0.25324418270971044,9.346139493625275e-14
IMPD,0.0,1.195309615246882
IMPtex,0.0,0.0
INDOLEt2pp,0.0,1000.0
INDOLEt2rpp,-0.03574349379988503,1000.0
INDOLEtex,-0.03574349379988636,0.0
INOSTt4pp,0.0,0.0
INSH,0.0,2.7275250000653477
INSK,0.0,2.727525000065804
INSTtex,0.0,0.0
INSt2pp,0.0,1000.0
INSt2rpp,-1000.0,0.0
INStex,-0.060857433338132476,0.0
IPDDI,-7.169155856101054e-05,1.1954905251627754e-05
IPDPS,0.0,8.364646483345849e-05
IPMD,0.0,0.08905738558690107
IPPMIa,-0.08905738558682165,0.0
IPPMIb,-0.08905738558698104,0.0
IPPS,1.205632815803881e-13,0.08905738558682555
ISETACabcpp,0.0,0.0
ISETACtex,0.0,0.0
K2L4Aabcpp,0.0,0.0065016293089773134
K2L4Aabctex,0.0,0.0065016293089773134
KARA1,-0.11554428043791665,1.1023126855416141e-13
KARA2,0.0,0.0911777995289652
KAS14,0.0,0.12018179821370238
KAS15,0.0,0.12018179821420512
KDOCT2,0.0,0.013003258617958017
KDOPP,0.0,0.013003258617958017
KDOPS,0.0,0.013003258617958017
KG6PDC,0.0,0.0
Kabcpp,0.0,2.182020000054533
Kt2pp,0.0,4.594292008054397
Kt3pp,0.0,4.594292008054397
Ktex,0.0,0.0024518807667008053
L_DASH_LACD2,0.0,0.5643817664265497
L_DASH_LACD3,0.0,0.5643817664265498
L_DASH_LACt2rpp,-0.21277846399486547,0.0
L_DASH_LACtex,-0.21277846399486547,0.0
LA4NTpp,0.0,0.003181906498973656
LACZ,0.0,0.0
LACZpp,0.0,0.0
LADGMDH,0.0,0.07546172033471911
LALADGLUtex,1.0097419586828922e-28,0.0
LALADGLUtpp,0.0,0.0
LALALGLUtex,0.0,0.0
LALALGLUtpp,0.0,0.0
LALDO2x,0.0,0.17914539603370894
LALDO3,0.0,0.5643817664281694
LALGP,0.0,0.07546172033512386
LCADi,0.0,0.5643817664266082
LCARR,0.0,0.17914539603396656
LCARS,0.0,0.1765109049158211
LCTSt3ipp,0.0,4.594291997581496
LCTStex,0.0,0.0
LCTStpp,0.0,4.594291997581496
LDH_D,-1.4451259502700196,0.6283897667334583
LDH_D2,0.0,1.4451259502987892
LEUTAi,0.0,0.0890573855866451
LEUTRS,0.0,0.0
LEUabcpp,0.0,3.3015178540683445
LEUt2rpp,-3.301517854067854,0.0
LEUtex,-0.08905738558712047,0.0
LGTHL,0.0,0.6283897667233523
LIPACabcpp,0.0,0.004681520203127528
LIPAHT2ex,0.0,0.0
LIPAHTex,0.0,0.0
LIPAMPL,0.0,9.771924471428737e-09
LIPATPT,-2.690493051503641e-44,9.771924471424634e-09
LIPAabcpp,0.0,0.004858211928268633
LIPAabctex,-3.0292258760486853e-28,0.004858211928268633
LIPOCT,0.0,2.021361431467125e-08
LIPOS,3.688918951829808e-47,2.0213614314671252e-08
LIPOt2pp,5.770352026332564e-29,0.0
LIPOtex,6.933804425196796e-29,0.0
LPADSS,-1.0327830503575383e-27,0.00650162930897921
LPLIPAL1A120pp,0.0,0.4563760064100961
LPLIPAL1A140pp,0.0,0.4563760064112998
LPLIPAL1A141pp,0.0,0.4563760064112833
LPLIPAL1A160pp,-1.666074231826777e-27,0.45637600641132425
LPLIPAL1A161pp,0.0,0.4563760064113126
LPLIPAL1A180pp,0.0,0.4563760064086789
LPLIPAL1A181pp,0.0,0.4563760064073681
LPLIPAL1E120pp,0.0,0.3314179458618336
LPLIPAL1E140pp,0.0,0.33141794586306333
LPLIPAL1E141pp,0.0,0.33141794586306345
LPLIPAL1E160pp,0.0,0.33141794586306167
LPLIPAL1E161pp,0.0,0.3314179458630609
LPLIPAL1E180pp,0.0,0.3314179458630611
LPLIPAL1E181pp,0.0,0.3314179458630604
LPLIPAL1G120pp,0.0,0.35332336047887625
LPLIPAL1G140pp,0.0,0.3533233604763192
LPLIPAL1G141pp,0.0,0.35332336047555746
LPLIPAL1G160pp,0.0,0.35332336047556917
LPLIPAL1G161pp,0.0,0.35332336047578233
LPLIPAL1G180pp,0.0,0.3533233604773256
LPLIPAL1G181pp,0.0,0.353323360477327
LPLIPAL2A120,0.0,0.6417705894822814
LPLIPAL2A140,0.0,0.6417705894822818
LPLIPAL2A141,0.0,0.6417705894803896
LPLIPAL2A160,0.0,0.6417705894808926
LPLIPAL2A161,7.888609052210118e-31,0.6417705894848117
LPLIPAL2A180,0.0,0.6417705894856075
LPLIPAL2A181,0.0,0.6417705894855685
LPLIPAL2ATE120,0.0,0.0
LPLIPAL2ATE140,0.0,0.0
LPLIPAL2ATE141,0.0,1.0097419586828956e-28
LPLIPAL2ATE160,0.0,0.0
LPLIPAL2ATE161,0.0,-1.387778780781656e-17
LPLIPAL2ATE180,0.0,0.0
LPLIPAL2ATE181,0.0,0.0
LPLIPAL2ATG120,0.0,0.0
LPLIPAL2ATG140,0.0,1.1210387714598532e-44
LPLIPAL2ATG141,0.0,5.048709793414477e-29
LPLIPAL2ATG160,0.0,-9.341989762165448e-45
LPLIPAL2ATG161,0.0,4.670994881082701e-46
LPLIPAL2ATG180,0.0,-5.605193857299276e-45
LPLIPAL2ATG181,0.0,0.0
LPLIPAL2E120,0.0,0.4164018963429315
LPLIPAL2E140,0.0,0.4164018963429291
LPLIPAL2E141,0.0,0.4164018963427991
LPLIPAL2E160,0.0,0.4164018963427988
LPLIPAL2E161,0.0,0.4164018963427994
LPLIPAL2E180,0.0,0.4164018963427981
LPLIPAL2E181,0.0,0.4164018963435155
LPLIPAL2G120,0.0,0.4545875000126117
LPLIPAL2G140,0.0,0.4545875000103205
LPLIPAL2G141,0.0,0.4545875000110648
LPLIPAL2G160,0.0,0.45458750001114695
LPLIPAL2G161,0.0,0.454587500011148
LPLIPAL2G180,0.0,0.4545875000096654
LPLIPAL2G181,0.0,0.45458750000966536
LSERDHr,0.0,0.6751452043347519
LYSDC,0.0,0.0957366895058589
LYSTRS,0.0,0.0
LYSabcpp,0.0,2.1820200042365947
LYSt2pp,0.0,4.594292008065924
LYSt3pp,0.0,4.594292008066256
LYStex,-0.09573668950552885,0.0
LYXI,0.0,0.0
LYXt2pp,0.0,0.0
LYXtex,0.0,0.0
M1PD,0.0,0.0
MACPD,0.0,2.7275250053023794
MALCOAMT,0.0,9.38947756158571e-09
MALDDH,0.0,0.0
MALDt2_2pp,0.0,0.0
MALDtex,0.0,0.0
MALS,-3.67842658796351e-16,0.3204811957
MALTATr,0.0,0.0
MALTHXabcpp,0.0,0.0
MALTHXtexi,0.0,0.0
MALTPTabcpp,0.0,0.0
MALTPTtexi,0.0,0.0
MALTTRabcpp,0.0,0.0
MALTTRtexi,0.0,0.0
MALTTTRabcpp,0.0,0.0
MALTTTRtexi,0.0,0.0
MALTabcpp,0.0,0.0
MALTptspp,0.0,0.0
MALTtexi,0.0,0.0
MALt2_2pp,0.0,3.062861331718476
MALt2_3pp,0.0,2.2971459987893117
MALt3pp,0.0,3.0628613317190823
MALtex,-0.21972354968532123,0.0
MAN1PT2,0.0,2.7275250000593023
MAN6PI,-2.5243548967072288e-29,0.0
MAN6Pt6_2pp,0.0,0.0
MAN6Ptex,-2.5243548967072288e-29,0.0
MANAO,0.0,0.0
MANGLYCptspp,0.0,0.0
MANGLYCtex,0.0,0.0
MANPGH,0.0,0.0
MANptspp,0.0,0.0
MANtex,0.0,0.0
MCITD,0.0,0.6263415777741557
MCITL2,0.0,0.6263415777741557
MCITS,0.0,0.6263415777741557
MCOATA,-1.4924948268278985e-18,2.7275250053013056
MCPST,0.0,0.0
MCTP1App,0.0,0.038335152616796035
MCTP1Bpp,0.0,0.038374592074220726
MCTP2App,0.0,0.025530529429255693
MDDCP1pp,0.0,0.038295794143871895
MDDCP2pp,0.0,0.02553052942924793
MDDCP3pp,0.0,0.038295794143871895
MDDCP4pp,0.0,0.038295794143871895
MDDCP5pp,0.0,0.038335152616784406
MDDEP1pp,0.0,0.038295794143871895
MDDEP2pp,0.0,0.038335152616784406
MDDEP3pp,0.0,0.038295794143871895
MDDEP4pp,0.0,0.02553052942924793
MDH,-1.6309553793348919,4.5329134402882e-15
MDH2,-2.32986366758421e-16,1.4451259503073255
MDH3,0.0,1.4451259503005034
ME1,-4.44e-16,0.5235072011
ME2,0.0,0.626341577782051
MECDPDH5,0.0,8.364646364293084e-05
MECDPS,0.0,8.364646364293084e-05
MELIBt2pp,0.0,4.594292008059206
MELIBt3ipp,0.0,4.594292008059149
MELIBtex,0.0,0.0
MEOHtex,-3.2835817767985687e-09,0.0
MEOHtrpp,-3.2835817767985687e-09,0.0
MEPCT,2.4424906541753444e-15,8.364646364285872e-05
METAT,0.0,0.06085743333864107
METDabcpp,0.0,0.0
METDtex,0.0,0.0
METOX1s,0.0,0.6995063882283541
METOX2s,0.0,0.6995063882283541
METS,1.5543122344752192e-15,0.03597018628279808
METSOX1abcpp,0.0,0.0
METSOX1tex,3.3658065286162943e-29,0.0
METSOX2abcpp,0.0,0.0
METSOX2tex,0.0,0.0
METSOXR1,-1.6829032643081472e-29,0.6995063882287686
METSOXR2,0.0,0.6995063882277225
METTRS,0.0,0.0
METabcpp,0.0,5.955370964538831e-14
METtex,0.0,5.955370964538831e-14
MG2t3_2pp,-4.594291997583866,0.00010896940797714016
MG2tex,0.0,0.00010896940797714016
MG2tpp,0.0,4.594292008076252
MG2uabcpp,0.0,1.8183500035337754
MGSA,0.0,0.22999999999791843
MI1PP,0.0,0.0
MICITDr,0.0,0.6263415777744967
MINCYCtex,0.0,9.188583995168713
MINCYCtpp,0.0,9.188583995168713
MINOHPtexi,8.414516322357459e-30,0.0
MLDCP1App,0.0,0.03833515261683871
MLDCP1Bpp,0.0,0.03825651640635454
MLDCP2App,0.0,0.03833515261685066
MLDCP2Bpp,0.0,0.038295794143938064
MLDCP3App,0.0,0.03837459207427539
MLDEP1pp,0.0,0.03837459207427539
MLDEP2pp,0.0,0.038335152616850665
MLTG1,0.0,0.0
MLTG2,0.0,0.0
MLTG3,0.0,2.7277636800966083
MLTG4,0.0,2.727763680086149
MLTG5,0.0,2.727763680086149
MLTGY1pp,0.0,0.038295794143884516
MLTGY2pp,0.0,0.03833515261679704
MLTGY3pp,0.0,0.038374592074221725
MLTGY4pp,0.0,0.02553052942925634
MLTP1,-2.7277636905589753,0.0
MLTP2,-2.7277636905588607,0.0
MLTP3,-2.7277636905588607,0.0
MMCD,0.0,0.6263415777715409
MMETt2pp,0.0,-1.135959703518257e-28
MMETtex,0.0,-1.135959703518257e-28
MMM,0.0,0.6263415777716681
MN2t3pp,0.0,9.18858399513988
MN2tpp,0.0,9.18858399513988
MN6PP,0.0,2.727525000034852
MNLptspp,0.0,0.0
MNLtex,0.0,0.0
MNNH,0.0,0.0
MNt2pp,0.0,4.594291997564122
MNtex,0.0,8.679868693023759e-06
MOADSUx,0.0,6.2110048744531245e-06
MOAT,0.0,0.00650162930897584
MOAT2,0.0,0.00650162930897584
MOAT3C,0.0,0.00326830779831552
MOBDabcpp,0.0,1.7294846844264733e-06
MOBDtex,0.0,1.7294846844264733e-06
MOCDS,0.0,8.836783059113367e-08
MOCOS,0.0,1.6411168538353395e-06
MOGDS,0.0,8.836783059113367e-08
MOHMT,0.0,7.271410060195779e-06
MOX,-1.6844297814481894,0.6690885730473813
MPTAT,0.0,3.105498046494638e-06
MPTG,0.0,0.03837459207495009
MPTG2,0.0,0.025530529429743095
MPTS,0.0,3.105498046501649e-06
MPTSS,0.0,6.210996093024262e-06
MSAR,0.0,0.16056955003346876
MSO3abcpp,0.0,0.0
MSO3tex,0.0,0.0
MTAN,0.0,0.035970186282785296
MTHFC,-0.3308748307719706,0.6263415777732785
MTHFD,-0.3308748307719706,0.6263415777719142
MTHFR2,0.0,0.035970186282305396
MTHTHFSs,0.0,0.06085743333847873
MTRPOX,0.0,0.0
N2Otex,0.0,0.0
N2Otpp,0.0,0.0
NACODA,0.0,0.09570277443120037
NACtex,0.0,0.0
NACtpp,0.0,0.0
NADDP,0.0,2.727525000064904
NADH10,0.0,1.4451259503014084
NADH16pp,-9.86150683216655e-14,0.6272522522
NADH17pp,0.0,1.4451259502955054
NADH18pp,0.0,0.4530217517578643
NADH5,-1.05479385524576e-11,0.919
NADH9,0.0,0.45302175175699644
NADK,5.74356100874196e-17,2.727525005291608
NADN,0.0,0.6818812513267858
NADPHQR2,0.0,1.445125950297772
NADPHQR3,0.0,1.445125950297738
NADPHQR4,0.0,0.4530217517575036
NADPPPS,0.0,2.727525005303046
NADS1,5.74356100874196e-17,1.3637625026576865
NADTRHD,-3.14128402467303e-08,0.5676432412
NAMNPP,0.0,0.6818812513264455
NAt3_1p5pp,0.0,9.188584016109019
NAt3_2pp,0.0,9.188584016109006
NAt3pp,0.0,1000.0
NAtex,0.0,1.1368683772161603e-13
NDPK1,-1000.0000000199999,5.525339369072299
NDPK2,-1.6629139731882958e-10,2.727763680086024
NDPK3,-0.9091750000204084,2.727525000066013
NDPK4,0.0,2.7275250000648597
NDPK5,-0.0608574333383598,2.7275250000649023
NDPK6,0.0,0.06085743333835583
NDPK7,-0.06085743333836269,2.727525000059246
NDPK8,-0.060857433338360044,2.7275250000656115
NH4tex,-3.308489704423613e-16,0.7563818004127211
NH4tpp,-9.475543124380603e-15,2.7275250053049547
NHFRBO,0.0,-2.530228144647214e-32
NI2abcpp,0.0,2.727525005305125
NI2t3pp,0.0,9.188584016119194
NI2tex,0.0,4.057304758100608e-06
NI2tpp,0.0,9.188583995168845
NI2uabcpp,0.0,2.1820200000526486
NMNAT,0.0,2.727525000065811
NMNDA,0.0,1.363762500032905
NMNN,0.0,0.6818812500164498
NMNPtpp,0.0,0.0
NMNt7pp,0.0,0.0
NMNtex,-1.1075607109302947e-26,0.0
NNAM,0.0,0.6818812500164504
NNATr,-4.256094512391568e-18,1.3637625000328915
NNDMBRT,0.0,0.0
NNDPR,0.0,2.8770040845376134e-05
NO2t2rpp,8.230224738533807e-14,0.0
NO2tex,8.230224738533807e-14,0.0
NO3R1bpp,0.0,0.0
NO3R1pp,0.0,0.0
NO3R2bpp,0.0,0.0
NO3R2pp,0.0,0.0
NO3t7pp,0.0,0.0
NO3tex,0.0,0.0
NODOx,0.0,0.0
NODOy,0.0,0.0
NOVBCNtex,0.0,9.188584016122734
NOVBCNtpp,0.0,9.188584016124553
NOtex,2.837712904640391e-13,0.0
NOtpp,2.837712904640391e-13,0.0
NTD1,0.0,2.727525005281238
NTD10,0.0,2.7275250053211924
NTD10pp,0.0,0.0
NTD11,0.0,2.727525005298307
NTD11pp,0.0,-7.63779173875524e-30
NTD12,0.0,0.06085743333819612
NTD12pp,0.0,0.0
NTD1pp,0.0,0.0
NTD2,0.0,2.7275250053034963
NTD2pp,0.0,0.0
NTD3,0.0,0.06085743333831856
NTD3pp,0.0,0.0
NTD4,0.0,2.7275250000687947
NTD4pp,0.0,0.0
NTD5,1.7062759961449653e-10,2.7275250000686904
NTD5pp,0.0,0.0
NTD6,0.0,0.06085743333858186
NTD6pp,0.0,0.0
NTD7,0.0,2.727525000068572
NTD7pp,0.0,0.0
NTD8,0.0,0.060857433338468145
NTD8pp,0.0,0.0
NTD9,0.0,2.7275250000630793
NTD9pp,0.0,0.0
NTP1,0.0,2.7275250000656928
NTP10,0.0,2.7275250000656928
NTP11,0.0,0.0
NTP12,0.0,0.0
NTP3,0.0,2.7275250000656928
NTP3pp,0.0,0.0
NTP5,0.0,2.7275250000656928
NTPP1,0.0,2.7275250000656928
NTPP10,0.0,0.060857433338469616
NTPP11,0.0,0.9091750000202654
NTPP2,0.0,2.7275250000638827
NTPP3,0.0,2.7275250000638827
NTPP4,0.0,2.7275250000638827
NTPP5,0.0,2.727525000063996
NTPP6,0.0,2.7275250000640012
NTPP7,0.0,2.7275250000640012
NTPP8,0.0,2.7275250000640012
NTPP9,0.0,0.437952386896481
NTPTP1,0.0,0.06085743333858318
NTPTP2,0.0,2.727525005292364
NTRIR2x,0.0,1.015854394925377e-12
NTRIR3pp,0.0,1.048593977487591e-12
NTRIR4pp,0.0,9.663381206337276e-13
O16A4COLIPAabctex,0.0,0.0
O16A4Lpp,0.0,0.0
O16AP1pp,0.0,0.0
O16AP2pp,0.0,0.0
O16AP3pp,0.0,0.0
O16AT,0.0,0.0
O16AUNDtpp,0.0,0.0
O16GALFT,0.0,0.0
O16GLCT1,0.0,0.0
O16GLCT2,0.0,0.0
O2Stex,0.0,0.0
O2tex,-4.097650044382949e-12,250.72256297513698
O2tpp,-4.097650044382949e-12,0.7225629751369698
OAADC,0.0,0.6263415777668125
OBTFL,0.0,0.33624189612177013
OCBT,0.0,0.0957027744312004
OCDCAtexi,0.0,0.0
OCDCEAtexi,0.0,0.0
OCTAtex,0.0,0.0
OCTDPS,0.0,8.445439809397277e-06
OCTNLL,0.0,3.787192739639979e-08
OGMEACPD,0.0,2.524795159759986e-08
OGMEACPR,0.0,2.524795159759986e-08
OGMEACPS,0.0,2.524795159759986e-08
OHPBAT,0.0,2.815146603132384e-06
OHPHM,0.0,2.815146603132384e-06
OMBZLM,0.0,2.815146603132384e-06
OMCDC,0.0,0.08905738558718594
OMMBLHX,0.0,2.8151466031360874e-06
OMMBLHX3,0.0,2.815146106723892e-06
OMPDC,1.4324000319607228e-29,0.21683649641094027
OMPHHX,0.0,2.8151466031338453e-06
OMPHHX3,0.0,2.8151461067216946e-06
OP4ENH,0.0,0.0
OPHBDC,0.0,2.8151466031338453e-06
OPHHX,0.0,2.8151466031338453e-06
OPHHX3,0.0,2.8151461067216946e-06
OPMEACPD,0.0,2.5247947145486057e-08
OPMEACPR,0.0,2.5247947145486057e-08
OPMEACPS,0.0,2.5247947145486057e-08
ORNDC,0.0,0.09570277443118641
ORNabcpp,0.0,2.1820200042073696
ORNtex,-0.09570277443120036,0.0
OROTt2_2pp,0.0,0.0
OROTtex,0.0,0.0
ORPT,-0.21683649641099587,0.0
OXAMTC,0.0,0.21194552145624415
OXCDC,0.0,0.0
OXCOAHDH,0.0,0.0
OXDHCOAT,0.0,0.0
P5CD,0.0,1.9921826920838752
P5CR,0.0,0.7353889008786372
PA120abcpp,0.0,0.9127520145673029
PA140abcpp,0.0,0.9127520145645187
PA141abcpp,0.0,0.9127520145644719
PA160abcpp,0.0,0.9127520145705148
PA161abcpp,0.0,0.9127520145644894
PA180abcpp,0.0,0.9127520145633802
PA181abcpp,0.0,0.9127520145682411
PACALDt2rpp,0.0,0.0
PACALDtex,0.0,0.0
PACCOAE,0.0,0.0
PACCOAL,0.0,0.0
PANTS,-2.7755575615628914e-17,7.271410096929383e-06
PAPA120,0.0,2.7275250000662603
PAPA120pp,0.0,0.9127520128189055
PAPA140,0.0,2.7275250000596984
PAPA140pp,0.0,0.9127520128188937
PAPA141,0.0,2.7275250000596984
PAPA141pp,0.0,0.9127520128188937
PAPA160,0.0,2.7275250000596976
PAPA160pp,0.0,0.9127520128236178
PAPA161,0.0,2.7275250000689177
PAPA161pp,0.0,0.9127520128236444
PAPA180,0.0,2.727525000068901
PAPA180pp,0.0,0.9127520128299579
PAPA181,0.0,2.7275250000869558
PAPA181pp,0.0,0.9127520128214138
PAPPT3,0.0,0.0767491841486572
PAPSR,0.0,0.27688300946181243
PAPSR2,0.0,0.27688300946198446
PDE1,0.0,0.0088019316
PDE4,-2e-08,0.0088207221
PDH,-1.20032311136812e-13,0.6274311024
PDX5PO2,0.0,2.8151466031504594e-06
PDX5POi,0.0,2.815146603140952e-06
PDX5PS,0.0,2.815146603140957e-06
PDXPP,0.0,2.7275250000665716
PE120abcpp,0.0,0.9091750000210806
PE140abcpp,6.303043454358225e-34,0.90917500002108
PE141abcpp,2.255889753442423e-25,0.9091750000220632
PE160abcpp,5.18773712942155e-26,0.9091750000220121
PE161abcpp,8.441539520274423e-19,0.9091750000230231
PE180abcpp,0.0,0.9091750000230208
PE181abcpp,2.9051830066121034e-29,0.9091750000210038
PEAMNOpp,0.0,0.0
PEAMNtex,0.0,0.0
PERD,0.0,2.8151466031393468e-06
PETNT161pp,0.0,0.00476418201993845
PETNT181pp,0.0,0.00476418201993845
PFK,-4.8164260781898e-18,0.2289434382
PFK_2,0.0,0.0
PFK_3,0.0,0.06417619139833196
PFL,0.0,1.604661837736163
PG120abcpp,0.0,0.909175000020529
PG140abcpp,2.2463313761184045e-18,0.9091750000217882
PG141abcpp,0.0,0.9091750000218697
PG160abcpp,0.0,0.9091750000219012
PG161abcpp,0.0,0.9091750000219562
PG180abcpp,0.0,0.9091750000271351
PG181abcpp,0.0,0.909175000022025
PGAMT,-0.1534983682967475,0.0
PGCD,0.0,0.6046131673505408
PGI,-0.1081622459,0.2260424457
PGK,-0.4579513402,-0.10510002147136902
PGL,-9.88126568715899e-22,0.2202250418
PGLYCP,0.0,0.0
PGM,-0.4581898116,1.9991311055394e-19
PGMT,-2.7277636800724694,0.0
PGP120abcpp,0.0,0.4762184414721127
PGP140abcpp,0.0,0.4762184414730554
PGP141abcpp,0.0,0.47621844147316256
PGP160abcpp,0.0,0.4762184414731626
PGP161abcpp,0.0,0.4762184414731629
PGP180abcpp,0.0,0.47621844147316245
PGP181abcpp,0.0,0.476218441476135
PGPP120,0.0,0.5764749554710981
PGPP120pp,0.0,0.4762184414761246
PGPP140,0.0,0.5764749554710978
PGPP140pp,0.0,0.4762184414761243
PGPP141,0.0,0.5764749554710982
PGPP141pp,0.0,0.47621844147612447
PGPP160,0.0,0.576474955471098
PGPP160pp,0.0,0.4762184414761244
PGPP161,0.0,0.576474955471098
PGPP161pp,0.0,0.47621844147612447
PGPP180,0.0,0.5764749554710983
PGPP180pp,0.0,0.4762184414761244
PGPP181,0.0,0.5764749554710983
PGPP181pp,0.0,0.4762184414761246
PGSA120,0.0,0.5764749554710988
PGSA140,0.0,0.5764749554710987
PGSA141,0.0,0.5764749554667014
PGSA160,0.0,0.5764749554667006
PGSA161,0.0,0.5764749554666965
PGSA180,0.0,0.576474955466697
PGSA181,-5.048709793414476e-29,0.5764749554666978
PHEMEabcpp,0.0,0.016270676563111083
PHEMEtiex,0.0,0.016270676563111083
PHETA1,-0.06385879906370412,0.0
PHETRS,0.0,0.0
PHEt2rpp,-0.06385879906370412,0.0
PHEtex,-0.06385879906370412,0.0
PHYTSpp,0.0,0.0
PIt2rpp,-0.2238139449,0.0143080512
PItex,-6.136757767776438e-14,0.0194
PIuabcpp,0.0,1.114132046257081
PLIPA1A120pp,0.0,0.6417705894876126
PLIPA1A140pp,0.0,0.6417705894879696
PLIPA1A141pp,2.142414131074145e-17,0.6417705894881232
PLIPA1A160pp,0.0,0.6417705894819666
PLIPA1A161pp,0.0,0.6417705882509956
PLIPA1A180pp,4.156530830773036e-18,0.6417705882509701
PLIPA1A181pp,0.0,0.6417705882510114
PLIPA1E120pp,-5.135126606622942e-18,0.9091750000223134
PLIPA1E140pp,0.0,0.9091750000223134
PLIPA1E141pp,0.0,0.9091750000223133
PLIPA1E160pp,0.0,0.9091750000223133
PLIPA1E161pp,0.0,0.9091750000223117
PLIPA1E180pp,0.0,0.9091750000235632
PLIPA1E181pp,0.0,0.9091750000235681
PLIPA1G120pp,0.0,0.9091750000221979
PLIPA1G140pp,0.0,0.9091750000222081
PLIPA1G141pp,0.0,0.9091750000222079
PLIPA1G160pp,1.5777218104420236e-29,0.9091750000222082
PLIPA1G161pp,0.0,0.9091750000222079
PLIPA1G180pp,9.203377227578456e-29,0.9091750000222079
PLIPA1G181pp,0.0,0.9091750000213646
PLIPA2A120pp,2.52435489670724e-29,0.4563760064106961
PLIPA2A140pp,0.0,0.4563760064107136
PLIPA2A141pp,0.0,0.45637600641070625
PLIPA2A160pp,0.0,0.45637600641094067
PLIPA2A161pp,0.0,0.4563760064127297
PLIPA2A180pp,0.0,0.4563760064109142
PLIPA2A181pp,0.0,0.45637600641087156
PLIPA2E120pp,-4.733165431326069e-30,0.3314179458623319
PLIPA2E140pp,-6.310887241768106e-30,0.33141794586225953
PLIPA2E141pp,-3.7865323450608567e-29,0.33141794586225964
PLIPA2E160pp,1.4199496293978212e-28,0.3314179458622582
PLIPA2E161pp,-1.262177448353619e-29,0.3314179458635493
PLIPA2E180pp,1.199068575935938e-28,0.3314179458635505
PLIPA2E181pp,0.0,0.3314179458635487
PLIPA2G120pp,0.0,0.35332335980234475
PLIPA2G140pp,1.262177448353619e-29,0.3533233597993788
PLIPA2G141pp,0.0,0.3533233597993759
PLIPA2G160pp,0.0,0.35332335980237406
PLIPA2G161pp,0.0,0.3533233598023922
PLIPA2G180pp,0.0,0.35332335980239205
PLIPA2G181pp,0.0,0.3533233598023926
PMANM,-2.7275250052984017,0.0
PMDPHT,0.0,5.630293206278689e-06
PMEACPE,-4.976073632722583e-32,2.5247951597577072e-08
PMPK,0.0,2.727525000074806
PNTK,0.0,7.27141010236315e-06
PNTOt4pp,0.0,0.0
PNTOtex,1.0271626370065275e-32,0.0
POAACR,0.0,0.16056955003333498
POR5,-1.958942234427597,0.060857433338427865
POX,0.0,0.09570277443120036
PPA,0.0,2.7275250000581557
PPA2,0.0,2.727525000065043
PPAKr,0.0,999.9999999999999
PPALtex,0.0,0.0
PPALtpp,0.0,0.0
PPAt4pp,0.0,0.0
PPAtex,0.0,0.0
PPBNGS,0.0,0.06508270625263525
PPC,-8.35e-20,1.3114359677
PPCDC,5.551115123125783e-17,7.271410190325817e-06
PPCK,-0.2248076195,1.479242205279986
PPCSCT,0.0,0.9852344136682002
PPGPPDP,0.0,2.727525000069363
PPK2r,-2.7275250000788627,2.727525000065905
PPKr,-1000.0,2.727525020036296
PPM,-1000.0,2.7275250000703863
PPM2,0.0,0.06085743333840332
PPNCL2,3.0814603092199273e-16,7.271410050850932e-06
PPND,0.0,0.06554563526572478
PPNDH,0.0,0.06385879906458343
PPPGO,0.0,0.016047280594257814
PPPGO3,0.0,0.01627067661181129
PPPNDO,0.0,0.0
PPPNt2rpp,0.0,0.0
PPPNtex,0.0,0.0
PPS,-9.42e-17,0.000584
PPTHpp,0.0,0.0
PPTtex,0.0,0.0
PRAGSr,-6.084622244300634e-18,0.2532441827111311
PRAIS,0.0,0.2532441827101815
PRAIi,1.262177448353619e-29,0.0357434938000451
PRAMPC,-1.4173836593633307e-29,0.060857433338371604
PRASCSi,-1.132652430776563e-13,0.25324418271225096
PRATPP,7.296982528389209e-29,0.06085743333886744
PRFGS,-1.132348199664348e-13,0.25324418271148685
PRMICI,-7.874878396845539e-29,0.06085743333854729
PROD2,0.0,0.735388900880833
PROGLYabcpp,0.0,0.0
PROGLYtex,0.0,0.0
PROTRS,0.0,0.0
PROabcpp,0.0,3.301517854063766
PROt2rpp,-1000.0,0.0
PROt4pp,0.0,1000.0
PROtex,-0.11979206072203397,0.0
PRPPS,-999.9999999999998,2.7275250000667484
PSCLYSt2pp,0.0,0.0
PSCLYStex,0.0,0.0
PSCVT,-5.100814801937889e-18,0.06554563526525994
PSD120,0.0,0.4164018963434651
PSD140,0.0,0.41640189634414315
PSD141,0.0,0.41640189634450836
PSD160,0.0,0.4164018963446485
PSD161,9.62964972193618e-35,0.41640189634396696
PSD180,0.0,0.4164018963439675
PSD181,0.0,0.4164018963439664
PSERT,0.0,0.6046131673514448
PSERtex,0.0,0.0
PSP_L,0.0,0.604613167351326
PSP_Lpp,0.0,0.0
PSSA120,0.0,0.41640189634398184
PSSA140,4.623222732735738e-18,0.4164018963439815
PSSA141,9.061610691351432e-18,0.41640189634398295
PSSA160,0.0,0.4164018963440062
PSSA161,7.561829353385042e-20,0.4164018963460786
PSSA180,7.703719777548943e-34,0.41640189634606706
PSSA181,-2.2510517824033233e-21,0.41640189634605645
PTA2,0.0,1000.0000000000001
PTAr,-4.27061589169374e-16,0.0702811486
PTHRpp,0.0,0.0
PTPATi,3.9149216741851893e-16,7.271410242900268e-06
PTRCORNt7pp,-4.59429200810279,0.0
PTRCTA,0.0,0.09570277443107172
PTRCabcpp,0.0,2.18202000425051
PTRCt2pp,0.0,4.594292008089516
PTRCtex,-0.09570277443143922,0.0
PUNP1,-2.7275250000478763,2.727525005303087
PUNP2,-0.43795238689573385,0.060857433339037925
PUNP3,-0.060857433338473294,2.727525005299104
PUNP4,6.499144603670986e-20,0.06085743333875625
PUNP5,-2.727525000060117,2.7275250053069016
PUNP6,0.0,0.4379523868973107
PUNP7,-2.7275250000605764,2.727525000077435
PYAM5PO,0.0,1.630955379336001
PYDAMK,0.0,2.7275250000661
PYDAMtex,0.0,0.0
PYDAMtpp,0.0,0.0
PYDXK,0.0,2.7275250000563904
PYDXNK,0.0,2.7275250000563904
PYDXNtex,0.0,0.0
PYDXNtpp,0.0,0.0
PYDXPP,0.0,2.7275250000563904
PYDXtex,0.0,0.0
PYDXtpp,0.0,0.0
PYK,-7.08856553815064e-19,0.4644138619
PYNP2r,-2.727525000057535,2.7275250053113154
PYROX,0.0,0.16056955003335271
PYRt2rpp,-0.2716480679323101,0.0
PYRtex,-0.2716480679323101,0.0
QMO2,0.0,0.0
QMO3,0.0,0.0
QUIN2tex,-0.07148698760016438,0.0
QUIN2tpp,-0.07148698760016704,0.0
QUINDH,-0.07148698760016704,0.0
QULNS,0.0,2.8770040851071638e-05
R15BPK,0.0,1000.0
R1PK,3.159483380634416e-14,1000.0
R5PP,0.0,2.72752500002711
R5PPpp,0.0,0.0
R5Ptex,0.0,0.0
RBFK,0.0,2.8151466031175797e-06
RBFSa,0.0,1.1260586412465736e-05
RBFSb,0.0,5.630293206232868e-06
RBK,0.0,2.7275250000632525
RBK_L1,0.0,0.0
RBP4E,0.0,0.0
REPHACCOAI,0.0,0.0
RFAMPtex,0.0,9.18858399519604
RFAMPtpp,0.0,9.18858399519604
RHAT1,0.0,0.0032683077981435593
RHCCE,8.217805762864075e-17,0.06085743333858318
RIBabcpp,0.0,0.0
RIBtex,0.0,0.0
RMI,0.0,0.0
RMK,0.0,0.0
RMNtex,0.0,0.0
RMNtpp,0.0,0.0
RMPA,0.0,0.0
RNDR1,0.0,0.060857433338426845
RNDR1b,0.0,0.06085743333881055
RNDR2,0.0,0.060857433338434484
RNDR2b,0.0,0.06085743333840102
RNDR3,0.0,0.060857433338401004
RNDR3b,0.0,0.060857433338397694
RNDR4,0.0,0.06085743333839766
RNDR4b,0.0,0.06085743333840237
RNTR1c2,0.0,0.06085743333838347
RNTR2c2,0.0,0.0608574333384325
RNTR3c2,0.0,0.06085743333847165
RNTR4c2,0.0,0.060857433338432534
RPE,-0.0008363256,0.12171392500014286
RPI,-0.0608569625,4.7083855987919607e-07
RZ5PP,0.0,0.0
S2FE2SR,0.0,2.4196384408101262e-08
S2FE2SS,-8.732300480233672e-09,3.617652492264984e-06
S2FE2SS2,2.117582368135751e-22,3.2659365655320764e-06
S2FE2ST,0.0,3.517167901382215e-07
S4FE4SR,0.0,3.2659365655318934e-06
S4FE4ST,0.0,3.2659365655318934e-06
S7PI,0.0,0.013073231193126596
SADH,0.0,0.09570277443118459
SADT2,1.8245211353813952e-19,0.2768830094614312
SARCOX,0.0,0.0
SBTPD,0.0,0.0
SBTptspp,0.0,0.0
SBTtex,0.0,0.0
SCYSDS,0.0,1.3742054989052122e-05
SDPDS,2.7310061114879225e-19,0.09573668950568462
SDPTA,-0.09573668950619807,0.0
SELCYSS,0.0,0.0
SELGTHR,0.0,0.0
SELGTHR2,0.0,0.0
SELGTHR3,0.0,0.0
SELNPS,0.0,0.0
SELR,0.0,0.0
SELtex,0.0,0.0
SELtpp,0.0,0.0
SEPHCHCS,0.0,5.630293206232888e-06
SERASr,0.0,1.3637625000311406
SERAT,0.0,0.23159255324434977
SERD_D,0.0,0.6751452043288787
SERD_L,0.0,0.6751452043288787
SERTRS,0.0,0.0
SERTRS2,0.0,0.0
SERt2rpp,-1000.0,0.0
SERt4pp,0.0,1000.0
SERtex,-0.257324616796609,0.0
SFGTHi,0.0,0.0
SGDS,0.0,0.09570277443120044
SGSAD,0.0,0.09570277443120044
SHCHCS3,0.0,5.630293206247535e-06
SHCHD2,0.0,2.815146603123475e-06
SHCHF,0.0,2.815146603123475e-06
SHK3Dr,-1.087804570275081e-14,0.06554563526503421
SHKK,-1.087804570275081e-14,0.06554563526503421
SHSL1,0.0,0.03597018628283369
SKMt2pp,0.0,0.0
SKMtex,0.0,0.0
SLNTtex,0.0,0.0
SLNTtpp,0.0,0.0
SO2tex,0.0,0.0
SO2tpp,0.0,0.0
SO3tex,0.0,0.0
SO4t2pp,0.0,0.27688300946060723
SO4tex,0.0,0.2768830094605999
SOTA,0.0,0.0957027744311673
SPMDAT1,0.0,0.0
SPMDAT2,0.0,0.0
SPMDabcpp,0.0,2.1820200000465397
SPMDt3pp,0.0,2.1820200000465513
SPMDtex,-0.03597018628270643,0.0
SPMS,-1.9192920386670864e-10,0.035970186282460424
SPODM,0.0,0.0
SPODMpp,0.0,0.0
SSALx,0.0,0.21785426280111317
SSALy,0.0,0.2178542628009996
SUCASPtpp,0.0,0.0
SUCBZL,0.0,5.630293206224927e-06
SUCBZS,0.0,5.630293206224927e-06
SUCCt2_2pp,0.0,3.0628613317191227
SUCCt2_3pp,0.0,2.2971459987893277
SUCCt3pp,0.0,3.0628613317191227
SUCCtex,-0.20004681389106918,0.0
SUCDi,-5.21035935934133e-14,0.287671052
SUCFUMtpp,0.0,0.0
SUCMALtpp,0.0,0.0
SUCOAS,-0.2631900615,5.28093155652671e-09
SUCRtex,0.0,0.0
SUCTARTtpp,0.0,0.0
SUCptspp,0.0,0.0
SULFACabcpp,0.0,0.0
SULFACtex,0.0,0.0
SULRi,0.0,0.2768830094609112
SULabcpp,0.0,0.2602700288932571
T2DECAI,0.0,0.22480048586514104
TAGURr,0.0,0.0
TALA,-0.0033192289,0.06085696249987921
TARTD,0.0,0.0
TARTRDtex,0.0,0.0
TARTRt7pp,0.0,0.0
TARTRtex,0.0,0.0
TARTt2_3pp,0.0,0.0
TAUDO,0.0,0.0
TAURabcpp,0.0,0.0
TAURtex,0.0,0.0
TCYNTtex,0.0,0.0
TDP,0.0,2.7275250000515996
TDPADGAT,0.0,0.008836276217805496
TDPAGTA,0.0,0.008836276217805496
TDPDRE,-1.1044052673094165e-29,0.003268307798295345
TDPDRR,3.1554436208840472e-30,0.003268307798295345
TDPGDH,0.0,0.011045345272262147
TDSK,0.0,0.006501629308943382
TDSR1,1.3130448458277497e-14,0.0
TDSR2,1.3130448458277497e-14,0.0
TGBPA,0.0,0.0
THD2pp,0.0,4.594291997593313
THDPS,0.0,0.09573668951876284
THFAT,0.0,1000.0
THIORDXi,0.0,0.699506388225644
THMDt2pp,0.0,1000.0
THMDt2rpp,-1000.0,0.0
THMDtex,-0.06085743333881055,0.0
THMabcpp,0.0,0.0
THMtex,0.0,0.0
THRA2i,0.0,5.317959245957815
THRAi,0.0,0.6153580922740802
THRD,0.0,0.61535809227408
THRD_L,0.0,0.33624189612145905
THRPtex,0.0,0.0
THRS,-5.637851296924623e-18,0.6153580922743328
THRTRS,0.0,0.0
THRabcpp,0.0,3.301517854062098
THRt2pp,0.0,4.5942919975672485
THRt2rpp,-1000.0,4.594292008049024
THRt4pp,0.0,1000.0
THRtex,-0.1667629765224774,0.0
THYMt3pp,0.0,0.14453007162976522
THYMtex,-0.1445300716305736,0.0
THZPSN3,5.2405515651861016e-14,2.8151465542080318e-06
TKT1,-4.70838362465641e-07,0.06085696249976985
TKT2,-0.0106300251,0.06085696249977249
TMAOR1,0.0,0.0
TMAOR1pp,0.0,0.0
TMAOR2,0.0,0.0
TMAOR2pp,0.0,0.0
TMAOtex,0.0,0.0
TMAtex,0.0,0.0
TMDK1,0.0,2.7275250052939337
TMDPP,1.582299867302836e-11,0.1445300716297336
TMDS,0.0,0.1445300716297336
TMK,0.0,-3.8719027983819234e-17
TMPK,0.0,2.7275250000516564
TMPPP,0.0,2.8151466298276236e-06
TPI,-3.00198259299593e-22,0.22948783504991482
TPRDCOAS,0.0,0.0
TRDR,0.0,0.7273246017872715
TRE6PH,0.0,2.7277636905585987
TRE6PP,0.0,1.3638818452792703
TRE6PS,0.0,2.7277636905585405
TREH,0.0,1.3638818452792703
TREHpp,0.0,0.0
TREptspp,0.0,0.0
TREtex,0.0,0.0
TRPAS2,-0.03574349380004356,0.6751452043342604
TRPS1,0.0,0.03574349379988453
TRPS2,0.0,0.6751452043341483
TRPS3,0.0,0.03574349379985885
TRPTRS,0.0,0.0
TRPt2rpp,-0.03574349379899897,0.0
TRPtex,-0.03574349380028985,0.0
TRSARr,-1000.0,0.1851655024260026
TSULabcpp,0.0,0.0
TSULtex,0.0,0.0
TTDCAtexi,0.0,0.0
TTDCEAtexi,0.0,0.0
TTRCYCtex,0.0,9.18858399517751
TTRCYCtpp,0.0,9.18858399517751
TUNGSabcpp,0.0,0.0
TUNGStex,0.0,0.0
TYMtex,0.0,0.0
TYRL,0.0,2.815146603126968e-06
TYROXDApp,0.0,0.0
TYRPpp,0.0,0.0
TYRPtex,0.0,0.0
TYRTA,-0.06554563526493562,0.0
TYRTRS,0.0,0.0
TYRt2rpp,-0.06554563526493737,0.0
TYRtex,-0.06554563526493737,0.0
ThDPAT,0.0,0.0
U23GAAT,0.0,0.01300325861781996
UAAGDS,0.0,0.07546172033625763
UACGALPpp,0.0,0.0
UACGAMPpp,0.0,0.0
UACGAMtex,0.0,0.0
UACMAMO,0.0,0.008836276217809731
UAG2E,0.0,0.008836276217785448
UAGAAT,0.0,0.013003258617854297
UAGCVT,0.0,0.07674918414833926
UAGDP,0.0,0.1534983682966785
UAGPT3,0.0,0.07674918414833926
UAMAGS,0.0,0.07546172033508923
UAMAS,0.0,0.07546172033508923
UAPGR,0.0,0.0767491841483163
UDCPDP,0.0,0.0767491841483163
UDCPDPS,0.0,6.920971631753457e-07
UDCPDPpp,0.0,0.008836276217819548
UDCPPtppi,0.0,0.008836276217819548
UDPACGALtex,0.0,0.0
UDPG4E,0.0,0.0
UDPGALM,0.0,0.0
UDPGALPpp,0.0,0.0
UDPGALtex,0.0,0.0
UDPGD,-1.102907483404037e-24,0.0031819064989216605
UDPGDC,-1.102907483404037e-24,0.0031819064989216605
UDPGLCURtex,0.0,0.0
UDPGPpp,0.0,0.0
UDPGtex,0.0,0.0
UDPKAAT,-1.102907483404037e-24,0.0031819064989216605
UGLCURPpp,0.0,0.0
UGLT,0.0,0.0
UGLYCH,0.0,0.25324418270975
UGMDDS,0.0,0.07674918414835866
UHGADA,0.0,0.013003258617836641
ULA4NFT,-1.102907483404037e-24,0.003181906498905897
ULA4Ntppi,-1.102907483404037e-24,0.003181906498905897
UM3PL,0.0,0.07674918414833566
UM4PCP,0.0,0.0765915882876624
UM4PL,0.0,0.0765915882876624
UMPK,-2.8493285657864775e-24,2.7275250052995856
UMPtex,-1.1633644026725025e-29,0.0
UPLA4FNF,-1.6543612251060557e-24,0.0031819064989296146
UPLA4FNT,-1.6543612251060557e-24,0.0031819064989296146
UPP3MT,0.0,2.8151465783215923e-06
UPP3S,3.446585885637603e-26,0.016270676421420795
UPPDC1,0.0,0.016270676421420795
UPPRT,0.0,2.727525000053665
URACPAH,0.0,0.1605695500334585
URAt2pp,0.0,1000.0
URAt2rpp,-1000.0,0.0
URAtex,-0.2168364964105649,0.0
URDGLYCD,0.0,0.21194552146058024
UREAtex,-0.09570277443113287,0.0
UREAtpp,-0.0957027744311328,0.0
URIC,0.0,0.2532441827137785
URIH,0.0,2.727525005298276
URIK2,0.0,2.727525005297997
URIt2pp,0.0,1000.0
URIt2rpp,-1000.0,0.0
URItex,-0.060857433339037925,0.0
USHD,0.0,0.0065016293098666715
VALTA,-1000.0,1000.0
VALTRS,0.0,0.0
VALabcpp,0.0,3.3015178540674697
VALt2rpp,-3.3015178540660863,0.0
VALtex,-0.11554428043833329,0.0
VPAMTr,-1000.0,1000.0
WCOS,0.0,0.0
X5PL3E,0.0,0.0
XAND,0.0,0.25324418270992033
XANt2pp,0.0,9.188584016081048
XANtex,-0.1627925121025426,0.0
XANtpp,-9.188583995128843,0.0
XMPtex,-6.935907356713763e-17,0.0
XPPT,0.0,2.727525000059586
XTSNH,0.0,2.7275250000403277
XTSNt2rpp,-0.060857433338213716,0.0
XTSNtex,-0.060857433338289704,0.0
XYLI1,0.0,0.0
XYLI2,-0.34775637070119997,0.33816224589999994
XYLK,0.0,0.0
XYLK2,0.0,0.0
XYLUt2pp,0.0,0.0
XYLUtex,0.0,0.0
XYLabcpp,0.0,0.0
XYLt2pp,0.0,0.0
XYLtex,0.0,0.0
ZN2abcpp,0.0,2.7275250052920796
ZN2t3pp,0.0,9.18858401619093
ZN2tpp,0.0,9.18858401619093
ZNabcpp,0.0,2.1820200042343365
Zn2tex,0.0,4.283408577136484e-06
CIMA,0.14609711663727803,0.2921942337114688
CitraSink,0.14609711663727803,0.29219423371143427
